,Amplitude,AndersonDarling,Autocor_length,Beyond1Std,CAR_mean,CAR_sigma,CAR_tau,Color,Con,Eta_color,Eta_e,FluxPercentileRatioMid20,FluxPercentileRatioMid35,FluxPercentileRatioMid50,FluxPercentileRatioMid65,FluxPercentileRatioMid80,Freq1_harmonics_amplitude_0,Freq1_harmonics_amplitude_1,Freq1_harmonics_amplitude_2,Freq1_harmonics_amplitude_3,Freq1_harmonics_rel_phase_0,Freq1_harmonics_rel_phase_1,Freq1_harmonics_rel_phase_2,Freq1_harmonics_rel_phase_3,Freq2_harmonics_amplitude_0,Freq2_harmonics_amplitude_1,Freq2_harmonics_amplitude_2,Freq2_harmonics_amplitude_3,Freq2_harmonics_rel_phase_0,Freq2_harmonics_rel_phase_1,Freq2_harmonics_rel_phase_2,Freq2_harmonics_rel_phase_3,Freq3_harmonics_amplitude_0,Freq3_harmonics_amplitude_1,Freq3_harmonics_amplitude_2,Freq3_harmonics_amplitude_3,Freq3_harmonics_rel_phase_0,Freq3_harmonics_rel_phase_1,Freq3_harmonics_rel_phase_2,Freq3_harmonics_rel_phase_3,LinearTrend,MaxSlope,Mean,Meanvariance,MedianAbsDev,MedianBRP,PairSlopeTrend,PercentAmplitude,PercentDifferenceFluxPercentile,PeriodLS,Period_fit,Psi_CS,Psi_eta,Q31,Q31_color,Rcs,Skew,SlottedA_length,SmallKurtosis,Std,StetsonJ,StetsonK,StetsonK_AC,StetsonL,Type
1.3441.15,0.45825,1.0,2.0,0.413793103448,-3.73186794343,-0.243135634041,2.61794433459,0.21636397368,0.0,147.455419621,17.8453883686,0.220472440945,0.436445444319,0.59842519685,0.719910011249,0.92575928009,0.393629414846,0.0663387906599,0.0582414484393,0.044637916996,0.0,1.70063664984,0.943636027996,1.44238929234,0.0273393105174,0.00713241753901,0.00236034726443,0.00121578406338,0.0,-0.335817966447,-0.475746658051,0.3564750082,0.0257897794543,0.00129153529691,0.00111980298301,0.00233229113444,0.0,0.520231448565,-1.89136364518,-0.430812896831,-2.71849633453e-05,14.5735742375,-9.76982253995,-0.0299439079363,0.272,0.204373423045,-0.1,-0.0547636139883,-0.0911701363963,10.4153073635,3.90192623852e-237,0.224785858779,0.0277147009931,0.529,0.199,0.0404329310585,-0.102388287971,1.38711299996,-1.26558293825,0.29254666669,101.835802672,0.815828111867,0.88625586661,75.269579109,CEPH
1.3441.45,0.3625,1.0,1.0,0.477195945946,-16.838506585,-0.460307450409,0.491577887754,0.164692807467,0.0,313.461804792,18.8517462616,0.232954545455,0.426136363636,0.580965909091,0.762784090909,0.921875,0.297324142275,0.135816635526,0.0730455918417,0.0404701742531,0.0,-2.28377965042,-1.2330927354,-0.302037709493,0.0141772091956,0.000559419599774,0.0003415347225,0.00191071117219,0.0,-2.47039500351,-0.947645471314,-1.22050113383,0.0126120347077,0.00611630703186,0.00109557633343,0.0010557359519,0.0,-0.747085551801,-1.88361874108,-1.65707330358,3.01935100864e-06,4.92560287542,-8.2774375,-0.0284163039967,0.189,0.190033783784,-0.0333333333333,-0.0612319280768,-0.0855303122342,3.36223228401,2.34270409166e-200,0.224179307373,0.0128430549413,0.40925,0.122,0.0310114858147,-0.411496669928,0.320102999991,-1.16980042247,0.235214180314,38.6174412823,0.822088104898,0.878030274823,28.536441781,CEPH
1.3443.26,0.24,1.0,1.0,0.460854092527,-14.5927342355,-0.283079185817,0.565049517429,0.252920778838,0.0,258.664194895,21.4972664476,0.249452954048,0.407002188184,0.599562363239,0.774617067834,0.929978118162,0.203076184947,0.0656373904366,0.0227317403875,0.0134548680087,0.0,-0.249817648293,-0.334554976137,-0.730263376932,0.0135112281606,0.00859863288264,0.00143455641296,0.000894803299728,0.0,-1.0084055856,-0.337393272968,0.674448916709,0.0090688201134,0.00210616689757,0.00263761353876,0.000928111630268,0.0,-0.312175816296,-1.41139598811,-1.28099494705,-6.39450048536e-06,5.65482921764,-8.24561743772,-0.0187464307601,0.1275,0.240213523132,-0.1,-0.0408759124088,-0.055596107056,3.81207337778,3.76118281206e-205,0.224297044166,0.0543062604804,0.27425,0.092,0.031207049593,-0.317201824296,0.628585000013,-1.19217639604,0.15457589637,20.7724834578,0.805663253047,0.904633562702,16.8824676379,CEPH
1.3443.30,0.236,1.0,1.0,0.463229078614,-22.4627781112,-0.354686910618,0.360221651849,0.223612392223,0.0,3170.95026296,93.6938610612,0.272321428571,0.444196428571,0.611607142857,0.767857142857,0.917410714286,0.202256884561,0.0584078331352,0.0150990070189,0.0112853469422,0.0,1.89112988089,0.702153050058,0.0375151660106,0.0102673284339,0.00142672379126,0.00115313964,0.000833674752677,0.0,1.28478138139,0.413094955723,2.30031499249,0.00728126888654,0.000722417657467,0.00386957014595,0.000469618025527,0.0,-0.926644167154,-1.77889232394,0.936520343755,3.10565139625e-06,16.5677280076,-8.09157903635,-0.0189890895327,0.127,0.289095519865,-0.166666666667,-0.0570507255364,-0.0555624457398,3.148407529,3.18301909819e-219,0.228376117546,0.0700610877596,0.2735,0.09075,0.0313683856606,-0.299304708718,0.642707999999,-1.13316927581,0.153651718782,20.3260739105,0.813839600247,0.882442281615,16.0020237793,CEPH
1.3447.36,0.349,1.0,1.0,0.464499572284,-14.8075917794,-0.421220906827,0.52591806277,0.340874094362,0.0,111.155224094,25.3042293506,0.241839762611,0.419881305638,0.577151335312,0.737388724036,0.908011869436,0.282006338326,0.117556194598,0.0645111000589,0.0323499096939,0.0,-2.04677755653,-0.786143652023,-2.54062055645,0.0166525710439,0.00688107141055,0.00304513641196,0.00216464787465,0.0,-0.790154295783,0.384680070915,-0.377375925352,0.0149526200328,0.00641409470326,0.00310588050012,0.00278648812789,0.0,-0.700630821716,0.119023024549,1.14913490205,-8.88039990565e-06,9.95249942305,-7.78757998289,-0.0286904441558,0.18,0.21129170231,0.0333333333333,-0.0665202789977,-0.0870576078533,3.78866993866,5.03940644383e-199,0.223856910383,0.0457816449085,0.388,0.122,0.0316675589542,-0.384236785584,0.578065000009,-1.16441484244,0.223429128608,27.9247777095,0.805433124949,0.877684754764,21.4630293614,CEPH
1.3448.13,0.411,1.0,2.0,0.422583404619,-2.8943539502,-0.194571496793,3.17815272293,0.392770847782,0.0,11.1530114724,3.8711665835,0.190476190476,0.359649122807,0.547619047619,0.75313283208,0.924812030075,0.34322566174,0.0503099863695,0.0394904509291,0.0358275265237,0.0,-1.71413880661,-2.591826248,-1.37508784348,0.0365598148025,0.00806995954179,0.00428546911863,0.00506790141023,0.0,2.29464986492,0.7099603259,0.173173525862,0.0292623849127,0.00720362652479,0.00619464360611,0.00762689049834,0.0,1.2742776147,-1.35931640788,-0.370284808623,-1.80683996216e-05,2.14333556528,-9.19869888794,-0.0281605699441,0.214,0.248930710009,-0.0333333333333,-0.0603042574149,-0.087337200394,12.1837119955,6.28400348346e-223,0.218027281867,0.071478372206,0.434,0.136,0.0521271039195,-0.291828867916,2.42778,-1.1381507938,0.259040603428,88.9333330246,0.821684750276,0.884277408832,72.6258613418,CEPH
1.3449.62,0.2725,1.0,1.0,0.495777027027,-17.7296319259,0.399166067338,0.423669972411,0.0889798683945,0.0,129.26151206,47.8936729443,0.286538461538,0.488461538462,0.653846153846,0.807692307692,0.932692307692,0.242923707614,0.0567768642099,0.011751854286,0.00245611291323,0.0,-0.856792573843,0.987981992556,-0.87377809252,0.0162760926259,0.00160916117743,0.00126599003076,0.00108338762452,0.0,-1.3134593692,-2.70588280406,-2.00799327089,0.0154643072042,0.00229313735543,0.00148228834876,0.00167530924837,0.0,-2.91664478663,-0.873054583333,-1.08364276933,-5.95409874777e-06,5.80093629068,-7.51151266892,-0.0243249776121,0.143,0.194256756757,-0.1,-0.0547550432277,-0.0697004222237,1.11018759641,7.60140942194e-230,0.225765970427,0.0671378593585,0.34,0.105,0.0275720224194,-0.387845464301,0.348783000009,-1.30861885408,0.182717377505,16.4344666225,0.821981461516,0.911334801396,12.5674071544,CEPH
1.3451.33,0.31025,1.0,1.0,0.460502692998,-41.2059409838,-0.663395911921,0.180782985566,0.0384755373173,0.0,398.823524079,99.0532910049,0.244897959184,0.442176870748,0.639455782313,0.789115646259,0.91156462585,0.26509602101,0.065824095009,0.0226323487414,0.00405657283414,0.0,0.142257449744,0.623849330297,-1.09243916117,0.0388238513166,0.00873846374132,0.00288147945417,0.00381702319165,0.0,1.16699094229,0.8061258001,-0.557366298946,0.0302590057595,0.00880551245633,0.00345752813665,0.00489951674733,0.0,-1.15548748302,0.370324937287,1.18239402039,-1.76937326681e-05,15.3171239435,-7.44933303411,-0.0269361521263,0.1795,0.221723518851,0.166666666667,-0.0581974942746,-0.0792132560959,1.10084821449,3.88802982826e-202,0.24422581095,0.1884508419,0.3755,0.118,0.0387452419996,-0.251745311819,0.251434000005,-1.27731399765,0.200656367846,14.2755779515,0.789452116761,0.879524105507,10.5109999604,CEPH
1.3451.9,0.28,1.0,1.0,0.449477351916,-10.8212520575,-0.285424537338,0.768462587113,0.271889257867,0.0,81.2399875569,12.5612210719,0.236162361624,0.429889298893,0.608856088561,0.776752767528,0.926199261993,0.239676185696,0.0881793453847,0.0232834349518,0.0154586879289,0.0,-0.460150088485,-0.7324546189,1.37822278324,0.0141439317638,0.00377212743457,0.00329238511185,0.0011427466952,0.0,1.54287235613,2.11356230543,2.0126832969,0.0099926934759,0.00252595292383,0.00144933596124,0.00213439438317,0.0,-0.882403024307,-2.26756506055,-0.295955780733,-4.23329993227e-06,3.76552004834,-8.31572735192,-0.0219647394646,0.157,0.257839721254,0.1,-0.053292292836,-0.0654233810127,4.58049798984,1.74562481548e-210,0.232407600572,0.0320413077247,0.33,0.10425,0.0435164575835,-0.229459485165,0.496484000032,-1.24369729613,0.182652784743,32.2745614338,0.824928025538,0.875395030134,24.8821055901,CEPH
1.3562.12,0.259,1.0,1.0,0.363251481795,-4.38529890994,-0.163471305258,2.09554727606,0.277876948675,0.0,219.80326771,8.00355987904,0.264,0.468,0.678,0.822,0.93,0.240236967706,0.04197085984,0.0212877449384,0.0138901669771,0.0,0.733692053942,1.52360072557,0.745868117174,0.0167067528968,0.00108114378686,0.000239997053234,0.0027135960232,0.0,-0.935561918159,0.0457887884223,-1.75536815803,0.0144658921034,0.00130366392288,0.00366115214351,0.00241506639061,0.0,0.354205737247,-0.275616920684,-0.582288545712,1.08747365855e-06,3.52250489358,-9.18960118544,-0.0190584784666,0.152,0.212531752752,0.1,-0.0454446854664,-0.0542299349241,8.40385116667,2.51880068722e-235,0.238830835099,0.0470387189145,0.339,0.117,0.0357174996532,0.311063414163,1.37870199995,-1.3149558524,0.175139816309,48.4516675533,0.831595118356,0.873995507267,39.6126978228,CEPH
1.3563.34,0.288,1.0,1.0,0.396449704142,-9.8825812765,-0.263217872815,0.8673617117,0.256326811628,0.0,292.559226746,21.2929854598,0.211743772242,0.421708185053,0.516014234875,0.729537366548,0.886120996441,0.237319572089,0.0831549034684,0.022818805323,0.0360403635028,0.0,-2.08135930014,-0.22000284306,-0.60523608513,0.0400249250913,0.00364063839001,0.00287759604865,0.00607242647017,0.0,-2.23209148191,-1.57994944561,-1.25900532831,0.0136700664273,0.00323837591893,0.00159654992191,0.00413783737383,0.0,-1.40119417692,-0.153088628333,-0.512619703464,-2.90338054159e-06,4.01516841237,-8.571772612,-0.0209974400152,0.147,0.210481825866,-0.0333333333333,-0.037667638484,-0.0655393586006,4.99299714792,5.04709845951e-217,0.227305880194,0.0223398537626,0.2895,0.11425,0.0294660406731,-0.0855499268633,0.938439000034,-1.21715517724,0.179985281244,34.530329418,0.805661656767,0.888906299912,26.4994855294,CEPH
1.3565.47,0.3505,1.0,1.0,0.452145214521,-20.6279275797,-0.492237716384,0.390074124558,0.229799391407,0.0,428.941196745,46.5924814596,0.220389805097,0.368815592204,0.538230884558,0.697151424288,0.863568215892,0.270182465903,0.114312803175,0.0386562082661,0.0254295037565,0.0,2.09712043009,0.737117778624,-0.23835355033,0.0353085433576,0.0039852861783,0.00417302902505,0.00410109230369,0.0,-0.678602851522,-0.063570981502,0.676655580532,0.0273015008101,0.0154417976619,0.00452643014415,0.00160599217307,0.0,0.741937447492,-1.46523564095,-0.149510562522,-1.11685339248e-07,3.14498253425,-8.04642079208,-0.0273818810822,0.1525,0.30198019802,-0.166666666667,-0.0678178178178,-0.0834584584585,3.08084253007,5.73105115949e-95,0.222724381927,0.151094855644,0.35925,0.1135,0.0565832086447,-0.45385809084,0.545879999991,-0.812922157481,0.220326137266,31.5953448586,0.830091607303,0.829711338818,26.1443920859,CEPH
1.3565.87,0.1535,1.0,1.0,0.433962264151,-36.1646818165,0.302210108096,0.208850941672,0.130348933064,0.0,2126.61659477,93.6754162786,0.286713286713,0.468531468531,0.625874125874,0.772727272727,0.902097902098,0.130573097251,0.0218981989761,0.00624977776505,0.000621011303833,0.0,-2.54921455118,-2.37127194804,-1.64091992137,0.00940183789987,0.00206646584609,0.000404926854109,0.000978183929952,0.0,0.796411361314,0.179540055801,-0.814519271922,0.00962184993543,0.00293211196865,0.0035168446155,0.00248897766654,0.0,-1.42879758798,-1.92087779709,-0.587626030203,6.21381541503e-07,4.84669687222,-7.55302785265,-0.0132883748847,0.086,0.382749326146,-0.0333333333333,-0.0554156171285,-0.0379159485616,1.26559221528,1.91759569451e-201,0.227962809732,0.250149026209,0.179,0.057,0.0466745576222,-0.0127055161048,0.342639000002,-0.549888806341,0.10036746562,7.02032281135,0.7846292875,0.868060973302,5.17982088668,CEPH
1.3567.1010,0.278,1.0,1.0,0.470142977292,-18.2942034383,-0.391909506726,0.39220877841,0.376892082322,0.0,106.459248903,37.1820677853,0.2265917603,0.434456928839,0.595505617978,0.75468164794,0.925093632959,0.235776213908,0.0862021731759,0.0351759100895,0.0094192867029,0.0,-0.250306923575,-0.24664119162,0.00482661728604,0.0136885150368,0.00623295798657,0.00438134777098,0.00247539453201,0.0,1.76187366127,-0.100424613327,1.84683107232,0.00806411929431,0.000947495542817,0.000273394809986,0.00130283853278,0.0,0.383514309846,-0.0310756187696,0.158249221487,1.70333355715e-05,9.03522870103,-7.17514718251,-0.0250614350831,0.146,0.231286795627,-0.0333333333333,-0.0625875105013,-0.0747689722767,2.92649594688,7.57117779252e-216,0.221787186322,0.0427345617012,0.319,0.10225,0.0433356375024,-0.395858055263,0.456852000003,-1.17120248289,0.179819485326,16.5830861128,0.800969830958,0.895611331833,12.710925295,CEPH
1.3570.29,0.1875,1.0,1.0,0.453625632378,-29.4325628267,-0.328900342848,0.281580557071,0.144928966052,0.0,198.3101322,79.2704209416,0.283333333333,0.486111111111,0.688888888889,0.827777777778,0.933333333333,0.177792612811,0.00551788189238,0.00928017412212,0.0113947002276,0.0,-1.38122666647,-1.53192663581,-0.859338970865,0.0140464937244,0.0100033612646,0.00240020014584,0.000627593256167,0.0,-2.15506122428,-0.0671688750075,-2.41697518683,0.0108896950553,0.00197614010718,0.00264207220129,0.0020412137413,0.0,0.317108977483,1.92106839522,2.43857396894,-7.34159827107e-06,8.73822975681,-8.28763743676,-0.0152555998567,0.1225,0.205733558179,0.166666666667,-0.0374299318908,-0.0433970224821,2.31593050078,3.02214811909e-241,0.229985715738,0.0718781306894,0.248,0.076,0.0325307384249,0.047739019039,0.462683999998,-1.4086135314,0.126432880493,20.2862524936,0.813635157475,0.894587000188,15.9983570709,CEPH
1.3570.32,0.31825,1.0,1.0,0.470389170897,-23.1901829167,0.471661357526,0.342034245521,0.149460650993,0.0,113.070463096,24.6124694942,0.220228384992,0.393148450245,0.539967373573,0.698205546493,0.877650897227,0.246055621866,0.0969785655639,0.045154997812,0.0223640697886,0.0,-0.104096085591,-0.187699059176,0.0813736579818,0.018574499043,0.0074187946052,0.00152939895044,0.000980510703542,0.0,1.83768296231,2.41724419477,1.74275396383,0.0143277555165,0.000841464193886,0.0031050765896,0.0019625956292,0.0,1.81094207906,1.31866651048,2.98672066099,-6.54371481831e-06,4.38694326537,-7.93183671743,-0.0250494578617,0.148,0.215736040609,0.0333333333333,-0.0626506024096,-0.0777425491439,2.6877262924,2.63538336637e-197,0.220126089487,0.0421425414385,0.33075,0.094,0.0309681905482,-0.528046278359,0.348783000009,-0.970901241711,0.198688209619,26.4612961899,0.782272290017,0.882595384592,18.5454491555,CEPH
1.3571.25,0.1035,1.0,1.0,0.47691015953,-25.4548750994,-0.163591746743,0.333752625734,0.111916093499,0.0,175.057095765,33.9007330058,0.311224489796,0.505102040816,0.683673469388,0.821428571429,0.923469387755,0.0949724701946,0.00579858504724,0.000924820384535,0.00259659772359,0.0,1.14060915593,2.95833910945,1.6245480175,0.00664016654737,0.000681137900601,9.69896563236e-05,0.00118556002075,0.0,1.04536509986,-1.17536218317,-0.512744231746,0.00578056685985,0.00118571963124,0.00132326694705,0.000374372659738,0.0,-0.704376714552,-1.39316433771,-0.618021409863,1.27280664505e-06,2.48138958118,-8.49563140218,-0.00813485377637,0.066,0.1973131822,0.233333333333,-0.0182567726737,-0.02308598351,2.46842800727,1.25852264519e-240,0.22410094409,0.101984822937,0.133,0.041,0.0324496709725,-0.0775801465171,0.577835000004,-1.4077097767,0.0691107191947,12.2422871274,0.831328541375,0.892208057384,9.8696563272,CEPH
1.3571.31,0.379,1.0,1.0,0.456779661017,-18.7207296214,-0.504761600818,0.432350099901,0.230176718352,0.0,32.0088492315,15.4169020107,0.222222222222,0.378600823045,0.541838134431,0.735253772291,0.916323731139,0.300526813206,0.139115835888,0.0729691404088,0.0343046035857,0.0,0.357666976678,-2.31209140962,-2.0637174036,0.0160704250935,0.00239943793211,0.00164046520653,0.00128188239789,0.0,0.987881141021,-0.31526149566,-0.319143225225,0.0108290483218,0.00332745623532,0.00278371693285,0.00223018234483,0.0,-2.10548032121,-0.477676260693,-1.36348687503,-4.71702855177e-06,1.89488381388,-8.09390932203,-0.0296482012022,0.177,0.211016949153,0.0333333333333,-0.0693735209864,-0.0907958649894,3.2652053296,8.36287287744e-196,0.216568796423,0.0191223911571,0.3945,0.12525,0.0218860263168,-0.532311877255,0.348783000009,-1.00245218078,0.239969852092,38.1744693946,0.804238010178,0.855855221297,27.3771426012,CEPH
1.3572.23,0.5875,1.0,1.0,0.482876712329,-23.6823819879,0.880103126901,0.33821367646,0.125134378199,0.0,211.820961131,33.563266316,0.188596491228,0.369298245614,0.520175438596,0.7,0.898245614035,0.438851146798,0.208035085741,0.106095518331,0.0756082606626,0.0,-0.0775165176224,-0.271920182463,0.164888642157,0.0417279260512,0.00416542132373,0.0036168765042,0.00430458044288,0.0,-0.742823637518,0.729663591329,0.770130901943,0.0354977892504,0.017137057877,0.0014493582282,0.0053769686372,0.0,1.9694103093,2.09058078473,1.88325707203,3.02956408609e-07,13.3453969536,-8.00970547945,-0.0463475152648,0.252,0.243150684932,-0.0333333333333,-0.115973188314,-0.144176046541,2.57492935079,2.11747099562e-179,0.224910803561,0.066675911423,0.5925,0.1645,0.0235747829262,-0.659977376272,0.462268000003,-0.843255120997,0.371229946976,29.8943181205,0.79398705739,0.867575354314,19.9307599675,CEPH
1.3683.25,0.2035,1.0,1.0,0.437722419929,-27.8419772995,-0.350015604539,0.305504861925,0.0828322987183,0.0,456.705985385,35.9638206699,0.313131313131,0.517676767677,0.714646464646,0.85101010101,0.949494949495,0.196203229428,0.0302021490724,0.00644301128406,0.00784161394852,0.0,0.29671249947,0.292613147187,0.329943118526,0.00900797572944,0.000418584307514,0.000272517198274,0.00161759594281,0.0,-1.71293058832,-0.854873986508,-2.20571501503,0.00699393248754,0.000586501493984,0.000978506809671,0.000445232954851,0.0,-1.52999321843,-1.71957909264,0.621738274325,-3.47522788994e-06,5.96868884746,-8.5058594306,-0.0166231994118,0.141,0.157473309609,0.233333333333,-0.029992942837,-0.0465772759351,2.15159840221,2.38304952751e-232,0.233109295487,0.024802261155,0.283,0.0895,0.0277679555841,-0.0291165296484,0.411668000015,-1.47767377258,0.141394597484,26.4122181924,0.83976088708,0.882633993846,21.5505520483,CEPH
1.3685.41,0.428,1.0,1.0,0.477209302326,-20.5397127218,0.602601370404,0.398389666552,0.165833440896,0.0,105.555305137,22.1606390218,0.229090909091,0.413333333333,0.57696969697,0.749090909091,0.913939393939,0.347553454533,0.163897217639,0.0817332917877,0.0648558142345,0.0,1.36085759539,2.74684074403,0.66569754424,0.0391705473291,0.0166647519712,0.00262377942993,0.00599663243353,0.0,-0.275261950947,-1.95116430668,-2.19245087021,0.0329246275563,0.00911637913917,0.00951259230132,0.00558952007855,0.0,-0.537251579072,0.564746426599,0.320104247258,1.69809105326e-05,4.21969189415,-8.18280930233,-0.0337099280436,0.22,0.201860465116,-0.1,-0.0754461538462,-0.101538461538,3.09070692935,8.81153343415e-177,0.234817045234,0.0833380678863,0.4755,0.14825,0.0325127557887,-0.453400348439,0.492364000005,-1.10398345507,0.275841912776,41.7294014753,0.808323144249,0.854093882824,30.1004196196,CEPH
1.3686.7,0.514,1.0,2.0,0.418666666667,-2.4568883416,0.226028615526,4.09403564424,0.356209720693,0.0,150.340247956,9.14362959598,0.299502487562,0.455721393035,0.589054726368,0.785074626866,0.935323383085,0.446496124644,0.14092663131,0.0566197605196,0.0574934021757,0.0,1.36190191969,2.1276047903,2.6145598958,0.0490921348635,0.0112181683703,0.007437624173,0.00307956494149,0.0,1.18222063725,0.847235947103,-0.771798860303,0.0396978839592,0.00531219699412,0.00633334537931,0.00437274901296,0.0,-2.13694529277,-1.92805020285,-0.559683414392,1.70512040875e-05,8.44459811715,-10.0585884444,-0.0337310097033,0.299,0.141333333333,0.166666666667,-0.0641780616828,-0.100309412117,17.5227488691,1.74344548525e-207,0.229224091473,0.0465466168233,0.592,0.2225,0.0548116659675,-0.165878226963,2.63193600008,-1.33955263718,0.339286344422,128.629826129,0.828601583507,0.881555506622,106.699280927,CEPH
1.3689.21,0.21125,1.0,2.0,0.438698915763,-3.1898741453,-0.108282143153,2.91269828451,0.348288684969,0.0,68.8340282909,17.353009318,0.222772277228,0.418316831683,0.608910891089,0.816831683168,0.928217821782,0.188958634594,0.0158511117231,0.0178053751555,0.00425326984528,0.0,-0.081470980192,0.195397613969,1.50780130033,0.0147400070365,0.00258753098554,0.00128652714908,0.000266119438939,0.0,-1.78471594664,-2.37226756514,-0.629031411261,0.013575854456,0.00428242221272,0.00488667188607,0.00174697909476,0.0,2.11603310179,0.474401130711,0.570179891383,4.04904433228e-06,5.67514677299,-9.29114095079,-0.0147380485465,0.121,0.259382819016,-0.166666666667,-0.0386063017529,-0.0434455317776,10.7067862219,1.09407925909e-243,0.217413485225,0.0615488279421,0.245,0.088,0.0388429926558,0.170003849536,2.19328000006,-1.24905198163,0.136933286385,42.7008061043,0.81594284712,0.891199557904,33.6035553266,CEPH
1.3691.19,0.229,1.0,1.0,0.491198658843,-21.4354165805,-0.342750841505,0.404206526926,0.10437874743,0.0,104.574622653,23.3944604673,0.293064876957,0.512304250559,0.693512304251,0.856823266219,0.950782997763,0.220429780028,0.0132705714149,0.0119197875807,0.00990632108443,0.0,0.67152433529,0.0137084495696,0.891111170141,0.00826312608474,0.000923983985936,0.00134960669921,0.0014931526236,0.0,2.32595775514,0.62749633499,1.06742902079,0.0070157009321,0.00155215613305,0.000951622572648,0.00100299304371,0.0,2.5561618741,2.2027774478,1.79523166847,5.95267474029e-06,3.86729086045,-8.66433528919,-0.0184023378633,0.155,0.160938809723,-0.0333333333333,-0.0343233560615,-0.0516583843754,2.77589731066,2.72962995568e-250,0.238139242884,0.0205561420844,0.31,0.097,0.0534946969841,-0.125178281717,0.657984000019,-1.44906232864,0.159444025353,30.3073293611,0.819640693719,0.888408938901,24.2791870153,CEPH
1.3691.32,0.2155,1.0,1.0,0.441743503772,-31.347685387,-0.369937760483,0.264845953547,0.0494857461902,0.0,542.306443405,120.505879762,0.305,0.505,0.6575,0.7975,0.9,0.185657047352,0.0274966735716,0.00257648982423,0.00278886349626,0.0,0.281229988673,-0.796327238232,-1.3832956176,0.0182635972902,0.00275828902979,0.00233333219582,0.00435173198075,0.0,-0.407819828132,-0.503483005252,-1.48735044414,0.0100915220882,0.00155040102064,0.00104848326713,0.0023028529409,0.0,2.44679050368,0.295089192105,2.01015622709,3.60402358164e-06,10.7877060844,-8.30230762783,-0.017009375351,0.132,0.274937133277,0.1,-0.0594190671327,-0.0482101964566,1.91321484841,1.04461829836e-227,0.232630227838,0.17332088973,0.263,0.082,0.0451476154578,-0.118463375415,0.508390000032,-1.16492625828,0.141217066722,6.74561413583,0.729086553864,0.894264282438,3.9191996646,CEPH
1.3691.37,0.2775,1.0,1.0,0.498736310025,-18.6207638847,0.380715413907,0.445056155872,0.204791396442,0.0,70.2061535178,15.5366128622,0.269158878505,0.461682242991,0.620560747664,0.788785046729,0.923364485981,0.234344543555,0.0921594853383,0.0424983835145,0.0246271100221,0.0,-0.706299639798,-1.18244235229,1.54815070428,0.0183034446056,0.0059166229361,0.00417512839488,0.00109501420301,0.0,-2.15421919159,0.120150959486,-1.24742860495,0.0185913911884,0.00881567203803,0.00391445495697,0.0022204284202,0.0,-2.23976587588,0.617537593878,0.318969595712,-6.34128192459e-06,1.80843938321,-8.28728559393,-0.0222551260774,0.146,0.178601516428,0.0333333333333,-0.0489018323019,-0.0649193059095,3.07378612931,1.95452549254e-206,0.229229546041,0.070661773785,0.332,0.104,0.027058832729,-0.428605116491,0.462452000007,-1.2335380996,0.184434585732,34.8904249427,0.825158037544,0.872361763755,27.3950073999,CEPH
1.3692.16,0.525,1.0,2.0,0.3826745164,-3.11174107846,-0.231085474834,3.09651515447,0.323457967355,0.0,41.9874482343,7.80460777972,0.164256198347,0.327479338843,0.520661157025,0.702479338843,0.844008264463,0.403733268884,0.0763816878941,0.0588174695426,0.0659217318282,0.0,1.77525049742,1.88356751806,0.153177558225,0.0506168825877,0.00978023502389,0.00254566788203,0.00391285909179,0.0,0.659794062334,-0.0898196598351,-0.139865281604,0.0355277361304,0.00954704150159,0.0040669434264,0.00287222040113,0.0,0.293469227865,0.307781257795,1.40216866157,8.03229233385e-06,7.27864360175,-9.63555340622,-0.0314330644143,0.247,0.286795626577,0.0333333333333,-0.0749243451946,-0.10101220912,12.6406476093,1.31084350293e-224,0.220021263272,0.0908666994519,0.505,0.164,0.0400395224052,-0.312310828938,2.42690700002,-0.931823731616,0.302874970885,89.9192850469,0.79349197107,0.878132320211,64.0377169099,CEPH
1.3692.17,0.396,1.0,2.0,0.394472361809,-3.11237504947,0.179270553979,3.05587748898,0.292275594684,0.0,36.1087547738,6.30950531932,0.182175622543,0.327653997379,0.479685452163,0.64875491481,0.883355176933,0.3200448859,0.0229454745756,0.0462293509249,0.0383580873452,0.0,0.93414854627,0.068691602375,0.69731440453,0.0272412804094,0.00460962907044,0.00504599750762,0.0037141942118,0.0,0.256220409909,0.882815925131,-1.92042467183,0.0219757186489,0.00400993303533,0.00453693123795,0.00295068332748,0.0,-0.236082391566,1.44555799789,-0.110558594028,-1.197108155e-05,3.85339955387,-9.51103685092,-0.0245999874541,0.179,0.269681742044,-0.1,-0.045220858252,-0.0800545588081,10.8585119322,3.91922701079e-238,0.22369418426,0.057550251296,0.366,0.139,0.0317005167538,-0.0442594407653,2.0227019999,-0.986104728903,0.233971387209,52.0851251453,0.770137562616,0.890332681284,37.8079024341,CEPH
1.3693.11,0.189,1.0,1.0,0.463497453311,-16.7686352699,-0.233416947912,0.528322179646,0.131047932358,0.0,60.4829723058,17.066630682,0.252077562327,0.432132963989,0.628808864266,0.797783933518,0.93351800554,0.172938592004,0.0195555907106,0.00463689969806,0.00809025755689,0.0,0.329547539672,1.24516293928,1.76769996962,0.0100405765629,0.00251357491645,0.000330629278485,0.000855032279918,0.0,-0.34243422383,-1.57519700547,-0.189717632194,0.00855961053195,0.00100180868669,0.00132480251171,0.00147774280766,0.0,-0.629891383057,-0.405803280991,0.178643825834,-4.07558963087e-06,2.03389830546,-8.85924193548,-0.0139385708148,0.107,0.196095076401,-0.0333333333333,-0.0288592123133,-0.0408555907651,3.4085358311,4.8863553587e-241,0.226606725276,0.0477666985531,0.226,0.074,0.0392008395909,-0.27336808707,0.685278000004,-1.28516878233,0.123485171083,30.9301685864,0.829421962847,0.875847915762,25.2220420494,CEPH
1.3804.26,0.358,1.0,1.0,0.367713004484,-16.8088817803,0.367279122333,0.520083734495,0.10280082262,0.0,99.1932789791,15.85789755,0.128244274809,0.270229007634,0.419847328244,0.609160305344,0.812213740458,0.199695491831,0.032213529009,0.00289383089993,0.00762282819882,0.0,1.87285497615,0.664210193829,1.60964787463,0.169459310015,0.0135286399961,0.00199089498227,0.00116098915755,0.0,2.41067631637,0.00283046684813,0.0502236357237,0.0595028321607,0.00137378372349,0.00154287525316,0.00229032291637,0.0,-2.0531228,-2.28633825106,-1.32024268901,-1.74073424566e-05,3.38635197685,-8.74202600897,-0.0222092180587,0.138,0.330941704036,-0.1,-0.0528427326914,-0.0750802384227,3.89254922516,1.59840670585e-123,0.196613807928,0.677853990905,0.2755,0.09,0.0391606455969,-0.244227096609,0.640205999982,-0.690305913666,0.194153561908,40.6655750688,0.77954955238,0.813932730865,28.2069403834,CEPH
1.3805.47,0.2385,1.0,1.0,0.448305084746,-19.6829345696,-0.325330049477,0.411454165795,0.167390857334,0.0,130.847170209,25.9975449686,0.23956043956,0.426373626374,0.562637362637,0.72967032967,0.925274725275,0.195673141072,0.0573512916374,0.0325379822928,0.0352896042417,0.0,-2.15651146773,-1.8408404504,-0.84363427462,0.0247062011567,0.0035719314726,0.0031601563099,0.00126537553479,0.0,-1.88583892295,-0.337324852428,-0.419247800695,0.020017255491,0.00340110967304,0.00330360454192,0.00496527017065,0.0,0.468057121169,0.438055417176,0.0421480066667,9.14807981919e-06,3.43929129902,-8.09862542373,-0.0187519787046,0.12,0.227118644068,0.0333333333333,-0.0447502169332,-0.0564026279906,2.99268852684,3.74795341188e-213,0.233859663205,0.0486539071898,0.25675,0.084,0.0413692935784,-0.432907160744,0.533504999985,-1.09462296203,0.151865251483,17.3925639972,0.800919162349,0.88943065913,13.0922210431,CEPH
1.3807.24,0.2245,1.0,1.0,0.455684870188,-28.1944195266,-0.374842780694,0.297208918861,0.103998444745,0.0,283.483165598,54.6731627157,0.250580046404,0.484918793503,0.682134570766,0.821345707657,0.925754060325,0.20840849017,0.0305208804836,0.0104551506345,0.002493897047,0.0,-2.31361629302,0.168694666826,-0.994479316149,0.0111467572314,0.00303915326968,0.00500396845235,0.000825186638114,0.0,-1.70041285214,-1.50946768504,-1.01077003004,0.00892717903763,0.00098454223546,0.00168269793427,0.00150800379437,0.0,0.261939334074,1.88127178185,0.549398280111,3.56279439551e-06,7.90354989698,-8.37963294539,-0.0178073501324,0.145,0.193375111907,-0.1,-0.0320925793367,-0.0514197089,2.19318419895,7.80357480011e-229,0.230540508271,0.0500907449358,0.294,0.087,0.0261281379718,0.0122448487318,0.428472,-1.39891086282,0.14921905784,21.826680172,0.823506151997,0.882948437771,17.5393720933,CEPH
1.3808.12,0.33,1.0,1.0,0.369172216936,-5.90096030166,0.235527559745,1.47527988419,0.406797354168,0.0,146.773247965,32.0925647588,0.24,0.4336,0.5856,0.7328,0.904,0.270585373529,0.0809947828242,0.0337102787106,0.0124842590448,0.0,-0.123589474451,2.02606906122,0.369884017549,0.0144717382825,0.00769142117205,0.00145626749361,0.00675383117311,0.0,-1.51063547419,-0.393949104964,-2.05672044908,0.0149089927098,0.00605290452278,0.00657628485173,0.00458198135978,0.0,-1.93237835247,-2.64792448502,-1.97557417816,8.09935468494e-07,8.94871409367,-8.70556803045,-0.0239062328638,0.168,0.234062797336,0.166666666667,-0.0632809813138,-0.0716496618136,8.36130967852,4.03681777303e-189,0.230478304677,0.0858064981576,0.363,0.12,0.036942124215,0.218218448086,1.24121000008,-1.17295013961,0.208117336547,42.0155421982,0.818646061463,0.89965941511,33.3033099322,CEPH
1.3809.937,0.487,1.0,2.0,0.404802744425,-3.06682697792,-0.214528027423,3.07015738978,0.36006767424,0.0,106.869092024,18.1334039583,0.20239390642,0.331882480958,0.437431991295,0.600652883569,0.825897714908,0.375583968704,0.0428096203976,0.0437581704441,0.0349621199448,0.0,-0.52149273448,1.63764523731,0.248669869316,0.0294809835534,0.00832187220013,0.0088247278157,0.00561819629757,0.0,-1.76616983325,-0.339658730655,0.282306254176,0.0288665030913,0.00855104271922,0.010280825575,0.00462806840784,0.0,-1.03214704907,0.696176974969,-0.841406850107,-4.67415675352e-06,10.5916930071,-9.41564150943,-0.0292186933356,0.2015,0.279588336192,0.0333333333333,-0.0838380618425,-0.0976516841993,12.1918557224,2.33944489277e-225,0.210425810619,0.0852745978999,0.401,0.153,0.0411944481436,-0.355161333533,1.68241599994,-0.677526124279,0.275112741822,81.1894599218,0.738469296427,0.865079160636,50.5879181618,CEPH
1.3809.938,0.2395,1.0,1.0,0.449378330373,-10.531695856,-0.21398936456,0.90053027946,0.165293895542,0.0,137.000672164,20.4476353136,0.152838427948,0.35807860262,0.521834061135,0.705240174672,0.886462882096,0.184624338954,0.0818681534557,0.0296006183833,0.0183968307231,0.0,-0.248378617445,-0.578183353452,-1.1186320306,0.00936018312582,0.00537534456302,0.00136735321373,0.00138551034808,0.0,-0.265900865204,1.0981105644,-0.2472029609,0.00822329210495,0.0035456896172,0.000822623143888,0.00361352898155,0.0,0.514871559929,-0.0745928513808,1.05281090126,1.62754696639e-06,4.7945205496,-9.48411101243,-0.0155310229497,0.112,0.315275310835,0.0333333333333,-0.0375462718139,-0.0484399788472,5.77690476238,1.68489286658e-185,0.213880541754,0.0348796348485,0.23875,0.058,0.024059560605,-0.536533063926,0.799491000005,-0.837976078623,0.147297945791,57.5496005548,0.791094529463,0.867851797618,39.9887939671,CEPH
1.3810.11,0.6645,1.0,2.0,0.383177570093,-2.71596482638,0.273662001239,3.72079111991,0.361148567335,0.0,113.466931301,4.68086060089,0.207317073171,0.344715447154,0.49512195122,0.648780487805,0.8,0.479273697998,0.145595848653,0.098670180985,0.0916768634115,0.0,-0.455651119284,1.43310377134,0.600613155654,0.0827360853026,0.0154184747476,0.00271910573233,0.00796757071679,0.0,1.10338201041,0.311057374882,2.23469138196,0.0683280356323,0.0122273939818,0.00641954800268,0.00336130496211,0.0,-0.0219113574426,-1.93458612563,-0.725909933493,1.85389413332e-06,4.38085731707,-10.105537808,-0.0377179331563,0.289,0.308411214953,0.166666666667,-0.116571771052,-0.122864848666,17.2150544447,3.59567274474e-195,0.220665222516,0.0903651277274,0.61,0.193,0.0354594379961,-0.594802088928,2.8634579999,-0.638012926271,0.38115999955,130.144645436,0.785023347587,0.8854133847,83.7248890511,CEPH
1.3812.15,0.3135,1.0,2.0,0.333053691275,-3.90603981672,0.182517177105,2.40804624069,0.290264411501,0.0,38.2096360663,4.37509344746,0.229885057471,0.484400656814,0.650246305419,0.811165845649,0.937602627258,0.287955665678,0.0742059763242,0.0370803411929,0.0265402034847,0.0,-1.57072511773,-0.404260653801,-1.0525972436,0.0175217228263,0.00278242715938,0.000561723620531,0.00116258692134,0.0,0.887001488251,2.44815195244,0.839215852878,0.0168614933884,0.00661303277918,0.00366710486308,0.000388886591967,0.0,0.695569266683,0.437966800103,0.988557716928,5.37659083506e-06,1.80327868891,-9.40592449664,-0.0224169306905,0.1785,0.201342281879,-0.0333333333333,-0.0429902583651,-0.0644853875476,9.71289338169,2.47399883495e-233,0.236338695469,0.0230901413242,0.39525,0.135,0.0310311002045,0.294876961511,1.48476900001,-1.32563329396,0.210851957521,66.9204273493,0.823304466072,0.885833556281,52.7084785572,CEPH
1.3812.18,0.2435,1.0,1.0,0.437080536913,-5.62494155235,-0.167915519959,1.62189813527,0.277433492041,0.0,195.569976829,23.5248292291,0.265524625268,0.423982869379,0.601713062099,0.762312633833,0.93147751606,0.212640435667,0.0516084420009,0.0196097592671,0.00164860224553,0.0,-0.330671999687,1.42727747477,-0.916603002751,0.015110633307,0.00849057678264,0.00196661596057,0.0016323098803,0.0,-2.55225887613,-0.387752411251,-1.00373579096,0.0128591644964,0.00437946546969,0.00266903015792,0.00124475789639,0.0,1.3188319988,3.04731338275,2.02835789502,1.76442486938e-05,7.80663564521,-9.12308221477,-0.0172557433778,0.139,0.260906040268,0.0333333333333,-0.0450963222417,-0.0511164623468,7.84305648968,6.17876033107e-228,0.219984817092,0.0663803841124,0.281,0.098,0.0551362143561,0.043774409794,1.27749599994,-1.25955706958,0.157425565513,45.2728315315,0.81812896687,0.87318960204,36.4069018325,CEPH
1.3813.7,0.167,1.0,1.0,0.463455149502,-9.62148826581,-0.153929502969,0.996644081522,0.187521252687,0.0,94.0316749401,31.9475661922,0.308917197452,0.5,0.68152866242,0.81847133758,0.926751592357,0.151301341943,0.027678679216,0.00947708838202,0.00529544825905,0.0,-0.563496586013,-0.925693906074,-0.0487857999376,0.010141013121,0.00139700856713,0.000860747470473,0.00108293833667,0.0,2.65279100064,-7.74565097044e-05,1.52482476297,0.00833204802921,0.00108583050675,0.00129077383936,0.0018164149201,0.0,0.275766399256,-1.83876633821,-1.55342299756,8.25593922347e-06,5.77299413115,-9.58919933555,-0.0117533298027,0.107,0.329734219269,-0.166666666667,-0.0393281869393,-0.0327561026497,5.91494810572,4.50789056245e-227,0.23419988581,0.17281477822,0.2135,0.074,0.0283266264112,-0.0306006606616,0.630905999977,-1.12199219701,0.112705022334,42.8701731132,0.819562633391,0.891514958865,34.3899821669,CEPH
1.3927.29,0.4585,1.0,1.0,0.465928449744,-17.1838900166,0.568921548594,0.488451038655,0.148734346669,0.0,41.9998918472,16.4268350396,0.226500566251,0.382785956965,0.550396375991,0.72933182333,0.898074745187,0.359776750249,0.151576274604,0.0851416753455,0.049513561334,0.0,0.36318747024,-2.2825246686,-1.82596670109,0.0257450875955,0.0142292552366,0.00770293312024,0.00760253496443,0.0,-0.459441613756,2.47815377765,0.512877530039,0.0245668285134,0.00401359407633,0.00227884066194,0.00154649218975,0.0,1.07126772835,0.275404301357,2.51814717002,3.58449787229e-06,3.81781647566,-8.39348892675,-0.0344170869763,0.2185,0.212947189097,-0.166666666667,-0.0801849960959,-0.106072436783,3.44976804943,1.07411060697e-191,0.227991048505,0.0462294054913,0.4875,0.143,0.0194735275878,-0.501156598348,0.532289999974,-1.01954526072,0.288879438426,48.6840636281,0.806353880625,0.881141838191,34.6615651494,CEPH
1.3927.46,0.317,1.0,1.0,0.465502183406,-18.645841227,0.426072879048,0.441903333205,0.194370567301,0.0,111.017341478,19.7502849695,0.245499181669,0.417348608838,0.602291325696,0.770867430442,0.918166939444,0.264023979251,0.108053217866,0.0467214150187,0.00982350172218,0.0,0.925357951758,2.1564778007,2.65591299784,0.0204196936089,0.00487936590075,0.00367988686317,0.00330016168152,0.0,-1.18273493581,0.697092150839,-0.931897669468,0.0166356458756,0.00797669507287,0.00417438141795,0.00178620411943,0.0,-0.394811615466,-0.000755838944351,-0.142068047987,4.16311288455e-06,4.59882583329,-8.23965938865,-0.0250837864042,0.16,0.238427947598,-0.0333333333333,-0.0553519061584,-0.0746578690127,3.21152527973,1.44341063137e-199,0.231177334343,0.0650504802694,0.368,0.11475,0.023845046709,-0.44979066038,0.470600000001,-1.16149704184,0.206681856148,28.2456985724,0.81805948404,0.890045573096,21.4018263704,CEPH
1.3927.58,0.3425,1.0,1.0,0.471428571429,-22.002817158,0.463757703686,0.366387307738,0.247261031888,0.0,1315.18315652,247.301614359,0.208598726115,0.366242038217,0.53025477707,0.684713375796,0.883757961783,0.250261722677,0.0931543473188,0.0409051303564,0.0269663652228,0.0,-0.95993084785,1.36140137495,0.0281553047884,0.0369607874281,0.023933960976,0.00809771618266,0.00713261024251,0.0,1.27328470403,2.22475015575,0.747013178238,0.0244222905423,0.00778344266003,0.00464624992142,0.00403868669421,0.0,-0.615634397909,-0.909381467163,-1.0051010723,9.37374296651e-07,30.8573127988,-8.06155294118,-0.0255956282158,0.144,0.317647058824,-0.1,-0.0709025090501,-0.0783922107103,3.04058936683,7.83255437217e-187,0.221247863562,0.250243406671,0.3345,0.118,0.0317222043135,-0.569199814833,0.532289999974,-0.804623234674,0.206340511924,4.7730719882,0.820760823313,0.889620868997,3.35697597509,CEPH
1.3928.26,0.19175,1.0,1.0,0.489120974761,-19.2999799482,-0.262292268896,0.459537087331,0.101104096321,0.0,800.017666829,50.393760482,0.276139410188,0.469168900804,0.651474530831,0.83109919571,0.946380697051,0.18197511347,0.0223981019185,0.00784841039491,0.0120348255221,0.0,0.0471969507932,2.36608557025,0.472004679076,0.0119860043323,0.00186373940228,0.000790393242993,0.00225418661667,0.0,-0.598254005327,-0.4730696769,1.14571058214,0.0101606604561,0.00151055990968,0.000977268448471,0.00140202987212,0.0,0.24706679487,-0.39414803949,0.495913043135,-2.54564942877e-06,8.51718830541,-8.86905657093,-0.0147021437719,0.117,0.186248912097,0.0333333333333,-0.0287005649718,-0.0421468926554,3.1159806729,2.3444479682e-238,0.244655126863,0.0387524012866,0.243,0.08,0.046575259521,-0.20046743507,0.581305000014,-1.37609968092,0.130394144827,28.6544044431,0.829466349097,0.89700541441,23.2840752881,CEPH
1.3929.107,0.3805,1.0,1.0,0.465136054422,-17.7843769825,-0.530006523389,0.399274666606,0.44100342642,0.0,373.278006114,28.6051514032,0.237897648686,0.424619640387,0.589211618257,0.763485477178,0.910096818811,0.304873924827,0.137113986115,0.0491284484183,0.00250156076038,0.0,-0.061270045757,0.176208270663,-1.24255644442,0.0297969506752,0.00246496962176,0.00453444186446,0.00131453640942,0.0,0.00252490416499,-0.520542188739,-1.69899751289,0.0253859476977,0.00317420524204,0.00503873283303,0.00301873891722,0.0,-1.98577873865,-1.58031385351,0.511091444743,-6.12070987574e-06,7.58613423477,-7.10085119048,-0.0345128337845,0.1915,0.422619047619,-0.1,-0.153382071119,-0.10263325999,3.02761843921,2.60362215294e-196,0.230296847272,0.104937426811,0.42575,0.135,0.0401081307262,-0.319392315282,0.642707999999,-0.809530222234,0.245070496866,16.0200798689,0.795726376043,0.89828924515,11.4486799714,CEPH
1.3933.64,0.259,1.0,1.0,0.490582191781,-15.685675264,-0.337163252365,0.492215797382,0.272813606167,0.0,126.884515017,21.2480690149,0.27,0.46,0.64,0.806,0.93,0.228832159377,0.0668269217693,0.0247883573131,0.0129015668469,0.0,1.2754045033,2.40892661798,0.572081386897,0.00992315485424,0.00253016807678,0.000425614583574,0.00269156045853,0.0,0.702218698986,0.536954734829,-1.59426780102,0.0101296578263,0.00220493283485,0.00111295682176,0.00093292664084,0.0,-1.0349902132,0.866640180778,-0.44529480203,-5.1410979413e-06,5.12575474385,-7.72073715753,-0.0224243999192,0.1495,0.191780821918,0.1,-0.0441224251088,-0.0649814802781,3.27541154152,3.16668377704e-221,0.228838248511,0.0353678047656,0.3195,0.098,0.0232788525344,-0.322931520996,0.578065000009,-1.29884752945,0.173132897692,21.7184298844,0.818922639472,0.903114264064,17.3293583469,CEPH
1.4046.1615,0.355,1.0,1.0,0.465777777778,-17.9908911846,-0.468827525713,0.44851304199,0.200532609838,0.0,80.8585113168,23.6927691689,0.22514619883,0.406432748538,0.573099415205,0.747076023392,0.909356725146,0.286238082821,0.128903260711,0.0484725949704,0.0209724803959,0.0,1.84110757627,0.62323821233,1.87996079387,0.0259160774748,0.00412521485424,0.0010071478538,0.00301291744236,0.0,-0.148994108568,1.00738694153,2.2083607426,0.0251685044709,0.00579965745363,0.00440507481718,0.00169243296828,0.0,-1.98480634332,-0.714088187777,-1.3422431252,-6.01751995607e-06,4.95646349471,-8.06914933333,-0.0281118409215,0.18,0.235555555556,-0.166666666667,-0.0640897755611,-0.0852867830424,3.510522962,3.88593678307e-192,0.233277607099,0.0780278157371,0.393,0.129,0.0393598781834,-0.414420081605,0.636514999969,-1.13446416024,0.22683864243,33.9788416082,0.819314561404,0.898314707125,25.8470580695,CEPH
1.4047.1441,0.47775,1.0,1.0,0.452006980803,-17.8872912467,0.615893966677,0.452072015435,0.165323463271,0.0,46.4230536204,17.6025778891,0.239130434783,0.4,0.564130434783,0.725,0.905434782609,0.367309604729,0.158513579258,0.0758423491896,0.056138471487,0.0,-0.534610346048,-1.0333000726,-1.51097567322,0.0308446480661,0.00839169456454,0.00140404007746,0.00400261664347,0.0,-1.05960965433,-1.70502348475,-0.80593889899,0.0282675875955,0.0116143212086,0.00249745927169,0.0056396182705,0.0,-2.56231188079,-2.39316518036,-0.705313055317,-3.63431756323e-06,4.10253586289,-8.08634380454,-0.0371264771309,0.244,0.214659685864,-0.1,-0.0799701046338,-0.114598903837,3.39228770443,1.30278258467e-184,0.216777815588,0.079043446032,0.51575,0.1695,0.0194022532309,-0.392715773541,0.471112000028,-1.12137804501,0.300217458332,46.3645949428,0.81551795491,0.871511465333,34.9466072438,CEPH
1.4048.28,0.126,1.0,1.0,0.446428571429,-26.1798543976,-0.204972499439,0.281665628237,0.129396785043,0.0,1489.60885985,232.491336169,0.266094420601,0.463519313305,0.622317596567,0.759656652361,0.901287553648,0.106217937185,0.00668447130467,0.00397793882077,0.00435899459793,0.0,-0.15249658953,-0.829789941776,-1.44998406673,0.00958602740945,0.00261514638049,0.000754997641231,0.00130218858568,0.0,0.10213107125,1.27999781994,-0.230399767344,0.00920736955296,0.00227386548995,0.0019633865659,0.000713536669585,0.0,1.77030282691,2.11284328628,0.0634604588627,-1.78833991272e-06,6.78579506117,-7.37396513605,-0.0108500664563,0.0695,0.320578231293,-0.233333333333,-0.0399891370765,-0.031638264648,1.27653435443,3.34228697529e-219,0.212809125538,0.222252955173,0.14525,0.047,0.0252743265087,-0.152263026943,0.319373999984,-1.05657315414,0.0800080117724,4.36221023603,0.81575705671,0.894935079131,2.94409781251,CEPH
1.4048.6,0.4755,1.0,1.0,0.446061643836,-6.33501633051,-0.33670248234,1.48448669125,0.208343984802,0.0,18.3304134231,5.42896444702,0.288356909684,0.396082698585,0.552774755169,0.74428726877,0.930359085963,0.39201813326,0.144516151894,0.0852077729023,0.0113442719632,0.0,0.378862662093,0.209392714221,-0.153913130949,0.0212504404116,0.00305979503822,0.0029239867986,0.00204503336445,0.0,-0.0856455632978,0.0197357288455,-1.33914082936,0.0157133639283,0.00675145637913,0.00511574155605,0.0021582462066,0.0,1.92389687804,2.32018028967,0.779418977931,1.19227523093e-05,2.81312792943,-9.40424743151,-0.0321151892296,0.275,0.246575342466,0.0333333333333,-0.0552088841883,-0.0971972501322,7.7061729566,6.3710954515e-207,0.225886399904,0.020047057099,0.5075,0.168,0.0335603511019,-0.0833927216647,1.20668900001,-1.24991029161,0.302019185825,90.9675860656,0.789295449799,0.879490203256,69.9462682464,CEPH
1.4049.1534,0.235,1.0,1.0,0.464028776978,-26.3652642771,-0.393553248828,0.307988895835,0.138348030551,0.0,109.616321049,23.3119804466,0.298013245033,0.507726269316,0.67770419426,0.843267108168,0.94701986755,0.220763429373,0.0224151275326,0.0131269788661,0.00160672193546,0.0,0.336270234031,0.362153291132,0.0302538739437,0.0156723361362,0.00465105130315,0.0013183455267,0.00121614111427,0.0,1.01157102997,0.925388085883,0.498345293795,0.0154817385856,0.00418471651823,0.00174314219278,0.0017086330087,0.0,1.17387104604,-0.42432942961,0.280545035313,5.29698859332e-06,2.45901639397,-8.12020863309,-0.0197280397361,0.152,0.153776978417,0.1,-0.0322739591032,-0.0558019216556,2.26940381173,1.2549240974e-226,0.231891262974,0.0501083907062,0.30625,0.093,0.0319207785304,-0.0193812310128,0.502731999994,-1.44642317828,0.160195798579,27.0862816451,0.831076076701,0.891174717639,22.6210781082,CEPH
1.4052.55,0.22075,1.0,1.0,0.480485689506,-32.0159797374,-0.431042264901,0.223452541413,0.166922875333,0.0,990.779282915,50.2634109913,0.248815165877,0.436018957346,0.613744075829,0.784360189573,0.921800947867,0.191263526304,0.061082895665,0.0356784948026,0.0134366331666,0.0,-0.950073824661,1.39995158782,0.301293093055,0.0132801472716,0.00102581560869,0.00140629089528,0.002919344766,0.0,0.494574859333,-1.05439563358,-1.79056633419,0.0110902148281,0.00278437489854,0.00216485232492,0.000706908331966,0.0,2.53993009447,2.67655770835,1.72984270345,1.7660781254e-05,4.73755452018,-7.15405203816,-0.0205280112692,0.1,0.333911535126,-0.1,-0.05670465738,-0.0593780779513,1.62315241908,1.05185433867e-207,0.227247482174,0.108332590376,0.261,0.0895,0.0439962495338,-0.485671725336,0.369273000004,-1.06661560635,0.14685846086,11.6595550049,0.812646009626,0.879531571965,8.53774624146,CEPH
1.4053.53,0.1995,1.0,1.0,0.356529209622,-28.7035803432,0.266693524077,0.248107810561,0.255092224568,0.0,1405.44423639,276.107610884,0.178571428571,0.321428571429,0.470238095238,0.625,0.830357142857,0.118430518381,0.0172962776786,0.00850641949227,0.00465501527754,0.0,1.9054549568,-0.0359142317179,1.40049927957,0.0398910058064,0.0275854724475,0.0071786170124,0.0055554490832,0.0,1.46138901431,0.712235316513,1.70339208798,0.0204124988484,0.00647047712593,0.00604771664942,0.0022455174704,0.0,-0.735977098365,-1.82496729446,-1.47887832804,-9.35904165567e-07,13.30927139,-7.12158247423,-0.0150216052944,0.075,0.440721649485,-0.233333333333,-0.0486980999296,-0.0472906403941,1.41760171017,1.34741079148e-150,0.188949249363,0.755007985139,0.15825,0.094,0.0653921593676,-0.380492474773,0.371216999985,-0.299103289764,0.106977600999,1.54482196739,0.771745830412,0.886324745619,1.21706781639,CEPH
1.4054.15,0.347,1.0,1.0,0.408547008547,-6.11055627728,0.246364769299,1.49341013364,0.241793263949,0.0,57.4647560985,7.64414930645,0.25037037037,0.362962962963,0.551111111111,0.755555555556,0.922962962963,0.285460639023,0.108994317111,0.0435031234203,0.00581086666648,0.0,2.28089707811,0.685170051586,0.192938157067,0.0125591608004,0.00620122772311,0.00266315372431,0.00204815123158,0.0,1.56797470344,0.522648100811,1.33880858711,0.0099452408643,0.000845794517462,0.00118757586395,0.0013624686738,0.0,1.63343849392,0.837688566458,1.63410808209,-2.23871746178e-06,2.95016331352,-9.12556666667,-0.024199685446,0.184,0.334188034188,-0.0333333333333,-0.0781232951446,-0.0736497545008,7.39569337619,5.04920962612e-208,0.239240500143,0.030867101904,0.3725,0.132,0.0252405452941,0.0366470635895,1.29555800008,-1.13106474537,0.22083584285,64.1802846218,0.796750381897,0.876435259016,49.7294999059,CEPH
1.4055.2227,0.378,1.0,1.0,0.45748116254,-13.8250157847,-0.428618760089,0.614247133663,0.226739965094,0.0,298.391002182,27.0408819301,0.235294117647,0.424076607387,0.603283173735,0.760601915185,0.922024623803,0.308781828038,0.121377787604,0.0533893594579,0.0306055314311,0.0,1.16467462788,2.25452432169,0.359590097293,0.0212420582335,0.00435014631148,0.00179499410609,0.000796507898916,0.0,0.402895395124,1.38547351092,1.64936979544,0.0144974444294,0.00178679425037,0.0012712358473,0.00286546294541,0.0,-0.148266254906,-0.249595002498,-2.69487343514,-1.64797881129e-05,6.15700359427,-8.49197631862,-0.0286866209707,0.209,0.19052744887,0.0333333333333,-0.0579264688497,-0.0864168341412,4.38109055189,3.12555783367e-159,0.234279642413,0.0319547405776,0.441,0.13875,0.0362537833704,-0.25881548692,0.630034999995,-1.24318494992,0.243606105945,48.7782954856,0.822089643565,0.87543177129,38.8306436585,CEPH
1.4171.24,0.44625,1.0,1.0,0.431899641577,-11.9749084205,0.457938755135,0.699197885373,0.231806932755,0.0,74.513268315,11.3190628109,0.228637413395,0.385681293303,0.547344110855,0.729792147806,0.911085450346,0.344612333435,0.165318908183,0.089974205886,0.0428248499418,0.0,0.266459539478,0.616045347042,-2.08347022335,0.0185820084671,0.00277073111492,0.00189167061818,0.00257512844835,0.0,1.99698108317,-0.518828316479,-0.0434605615962,0.0161357075907,0.00473182056633,0.00174016006228,0.00148526695055,0.0,1.16188744006,0.879616003204,0.246630694707,6.13483863634e-06,2.39901675764,-8.37283064516,-0.0335676851809,0.234,0.21146953405,0.166666666667,-0.0671467146715,-0.103930393039,4.67575462736,7.18101411453e-181,0.242173566847,0.0131702334971,0.47375,0.15,0.0308745661849,-0.286903262083,0.521355000019,-1.16446853185,0.28105654317,52.5759533666,0.815886617719,0.879819293434,41.0570159453,CEPH
1.4175.14,0.132,1.0,1.0,0.473288814691,-12.631371825,-0.140989461157,0.741184297882,0.113835712062,0.0,154.29655265,47.145174476,0.258964143426,0.478087649402,0.661354581673,0.804780876494,0.91235059761,0.118400463142,0.0172934161008,0.00858818247098,0.00297355098452,0.0,1.51392568672,2.14630796365,-0.242839191463,0.00711622932075,0.00167773292701,0.00146805659753,0.000934405550187,0.0,0.945755129946,-0.622524238906,-0.929771302055,0.00662809305669,0.00337294438676,0.00157707440992,0.00206657250615,0.0,1.78101773095,0.285776891698,1.44833207997,8.49556331309e-06,6.16438356377,-9.36217445743,-0.00948325662202,0.08,0.340567612688,0.0333333333333,-0.0440547476476,-0.0268391787853,4.65444064615,1.5919058068e-231,0.21881340293,0.138590740872,0.16675,0.056,0.0403965727596,-0.359407410025,0.851663999958,-0.871442645973,0.0887839029199,27.8226564915,0.826946152688,0.887581506216,22.4045759276,CEPH
1.4176.34,0.152,1.0,1.0,0.452481076535,-31.0628365605,0.260262643803,0.261969601766,0.110016360528,0.0,1308.11520429,116.693501266,0.290780141844,0.496453900709,0.659574468085,0.783687943262,0.897163120567,0.13281387918,0.0174981880468,0.0019489013939,0.00411705966575,0.0,0.0058950631367,-0.254464012119,-0.779613585131,0.00830264688566,0.000727780113668,0.00417683844733,0.00147487589489,0.0,1.37367302307,0.482842732315,0.949695766196,0.00513312892576,0.000724678303483,0.00179964650106,0.000301251761551,0.0,0.992456647891,0.077546513074,-0.284267382806,5.32972908163e-06,7.71235018568,-8.13751892347,-0.0119770751396,0.093,0.196804037006,0.0333333333333,-0.0250768285187,-0.0346650276583,2.04315741221,6.37924321499e-239,0.231571480175,0.0881400064356,0.186,0.063,0.0331274313841,-0.034713082495,0.425831999979,-1.36133849987,0.0974636755963,8.77858945857,0.802783812929,0.898219164136,6.3147464019,CEPH
1.4289.25,0.288,1.0,1.0,0.434591747147,-14.8355441973,0.346682121815,0.540894453067,0.268139509611,0.0,775.146409702,95.0485812812,0.256317689531,0.424187725632,0.579422382671,0.752707581227,0.909747292419,0.238793992072,0.0877595609786,0.0278344865339,0.0127500263718,0.0,1.46846378072,0.268960397518,2.16797161778,0.0124159950745,0.00214747822027,0.00299398164091,0.00294920484145,0.0,1.56430281116,0.950123073444,1.45258212705,0.00926172047009,0.00306775054561,0.0044157329863,0.00149320079757,0.0,-2.35969672373,-1.11740766932,-0.719208260658,1.18987765518e-05,15.7744758782,-8.02446356453,-0.0229822140467,0.159,0.28797190518,0.0333333333333,-0.0622422197225,-0.0692413448319,4.03285279388,9.45416747622e-200,0.241521879906,0.0700918640357,0.3205,0.113,0.0321791354088,-0.225291046271,0.638747999968,-1.16419614073,0.18441993925,27.9201212603,0.807184437968,0.866519022146,21.090996045,CEPH
1.4291.35,0.209,1.0,1.0,0.477253218884,-27.2352847274,-0.352941804756,0.299451733313,0.149150669535,0.0,359.262230054,53.2259556099,0.28927680798,0.503740648379,0.688279301746,0.840399002494,0.937655860349,0.195374298019,0.0285271935867,0.00257066143729,0.00956719131802,0.0,1.90819540498,1.70879227212,-0.14699202539,0.00956564808197,0.00186368065681,0.00209888588378,0.000875457884959,0.0,-0.129837727835,1.89069454963,-0.0120070922396,0.00813588637015,0.000107658741702,0.000705517622478,0.000358933514167,0.0,0.613916632445,-0.25310638598,0.352226827783,-3.2050715295e-06,8.7084148758,-8.15565321888,-0.017402974613,0.136,0.199141630901,-0.0333333333333,-0.0401571902247,-0.0492447500921,2.15846495142,1.15085906696e-238,0.229300058485,0.0429733012836,0.277,0.08975,0.0290652440825,-0.092103244653,0.510359999971,-1.4232078523,0.141932625921,18.5930785191,0.830846742579,0.889085189264,15.2772361771,CEPH
1.4294.36,0.399,1.0,1.0,0.466086956522,-16.0519626011,-0.487392980349,0.5142901396,0.148234437519,0.0,113.072364958,23.3375152919,0.218465539662,0.394018205462,0.566970091027,0.732119635891,0.911573472042,0.320849200655,0.143992022998,0.0848452604477,0.0506326785628,0.0,-0.383133167149,-0.605973348679,-1.10995660286,0.0194038919291,0.00128352744414,0.00257472166798,0.000330616206293,0.0,1.61279641615,-0.2470204029,1.44051545285,0.0138609971434,0.00567158771401,0.00159973954568,0.00038751696779,0.0,-0.523256230403,-0.475881565208,-2.93940748781,-1.35717863975e-05,9.23550539141,-8.25536608696,-0.030778659594,0.1895,0.281739130435,-0.1,-0.0775993650406,-0.0939007265401,3.71128729396,3.369890864e-190,0.219330507677,0.0201862874081,0.43675,0.111,0.0296886252344,-0.490218874347,0.492364000005,-1.03475110665,0.254089102614,34.4051200524,0.816339197593,0.869494069179,26.6610314226,CEPH
1.4296.70,0.11425,1.0,1.0,0.416596814753,-35.4413782279,-0.208294840037,0.213924157386,0.161992788294,0.0,1718.42667682,617.029638053,0.274038461538,0.461538461538,0.600961538462,0.735576923077,0.875,0.0940768262879,0.0089333083055,0.00310384593075,0.00272494990582,0.0,1.09448604284,2.32831404757,0.664809728975,0.00795546168182,0.000923423172184,0.000634877983955,0.00228261362443,0.0,0.0996371236237,-1.96617068977,-0.0536328400451,0.0068903209435,0.00555971610765,0.00328507872143,0.00518839721473,0.0,1.65126493784,-0.448396247746,1.45934376037,-3.34283451734e-06,19.1835824146,-7.58176697402,-0.00939369508147,0.063,0.39564124057,0.1,-0.0444649689933,-0.0274442538593,1.466130007,1.28370562903e-220,0.235683791689,0.2333564124,0.125,0.04475,0.0482221059664,-0.15709883488,0.321354,-0.728740446713,0.0712208071327,4.81905623556,0.822166916369,0.885438907143,3.6366369296,CEPH
1.4412.29,0.375,1.0,1.0,0.444730077121,-15.0382698672,-0.454779986015,0.531783835287,0.295871566107,0.0,204.125600725,102.44453949,0.232686980609,0.405817174515,0.595567867036,0.759002770083,0.914127423823,0.305458389964,0.138468739062,0.0560891183638,0.0161089142132,0.0,-2.16372181366,-1.03534089959,-0.13448460248,0.0111603271278,0.00471645524559,0.00288846102479,0.000553514173952,0.0,2.19080203874,0.551953972519,-0.0477459386074,0.00842382905289,0.000596722191259,0.000944533503563,0.00168117078751,0.0,0.0511594428333,0.0628432291661,0.876621663063,-5.39333135605e-06,27.660049063,-7.99710882605,-0.029985813213,0.201,0.200514138817,0.1,-0.0643296896595,-0.0907149139339,4.09861682589,4.30073750194e-201,0.235710300678,0.022482414249,0.431,0.146,0.0291712194153,-0.306514915008,0.532289999974,-1.21493785648,0.239799811502,36.254426882,0.819958187333,0.874850116371,27.8609270348,CEPH
1.4414.42,0.2025,1.0,1.0,0.462660944206,-29.892177823,-0.369210320619,0.269336397964,0.118489416018,0.0,414.657636028,36.7371066901,0.287917737789,0.537275064267,0.701799485861,0.843187660668,0.946015424165,0.190067915722,0.0266848524534,0.00357710743966,0.00341200807246,0.0,1.2682062166,1.19993409223,2.63107657995,0.0105451957639,0.00322756856753,0.000605257941222,0.00141030604135,0.0,0.849553154794,-1.36337874878,0.620240149296,0.0113638127737,0.00242433449237,0.00147846450868,0.000787947029822,0.0,-0.821996009261,-1.08748693323,0.610131541734,6.36012238871e-06,4.06461698975,-8.05105150215,-0.0173353096445,0.136,0.212875536481,-0.0333333333333,-0.0407402807105,-0.0483169792572,1.90298039231,4.84933116728e-234,0.228973754957,0.0738668083974,0.273,0.088,0.0287735279055,0.00115172286123,0.346701000002,-1.41957198377,0.139567470754,21.0734463043,0.831550481709,0.89525228324,18.1125585152,CEPH
1.4415.55,0.157,1.0,1.0,0.434898139947,-31.5235222334,0.288445986325,0.234720728138,0.276775907883,0.0,3366.44541867,290.783991852,0.26936026936,0.461279461279,0.622895622896,0.774410774411,0.909090909091,0.138154532073,0.0139462836817,0.00942173634303,0.00648705632785,0.0,1.76626256322,0.606742158157,0.186611342812,0.00860517040426,0.00426611840806,0.00200905608361,0.00280830983266,0.0,-1.70333289445,-1.03479969271,-0.244234550288,0.00855978288834,0.000979506740622,0.00169859978091,0.00109061207145,0.0,0.386531222087,-0.758500416685,0.896807776309,4.65065417394e-06,11.8967952959,-7.39922409212,-0.0139311162175,0.091,0.452612931798,-0.1,-0.0656469951272,-0.0402003248511,1.83624667506,4.47874279959e-210,0.226472515785,0.225471096546,0.185,0.0625,0.0462103555539,-0.0429925873355,0.322671000009,-0.721841150128,0.103079450747,4.32592269461,0.750837544246,0.883262395968,2.90567283434,CEPH
1.4417.13,0.457,1.0,1.0,0.441373534338,-13.4055396625,0.494459109738,0.624730168979,0.192380072264,0.0,324.169588487,12.9258778167,0.219567690557,0.379977246871,0.547212741752,0.740614334471,0.907849829352,0.354017150527,0.155815206517,0.0844579922621,0.0619667186056,0.0,-2.53307692783,-1.86111195985,-1.43369814059,0.0242027368469,0.00289210371315,0.00504387171146,0.00398271579633,0.0,0.278997647905,-0.0207331560808,-0.42545809911,0.0226899746899,0.00245631233535,0.000698343899525,0.00113293876557,0.0,-2.08284749672,0.380214964897,0.0546683314564,1.1172760249e-05,4.24675087015,-8.37484505863,-0.0342209727278,0.2265,0.216917922948,0.0333333333333,-0.0779127089095,-0.105687146808,4.20408818013,3.04006568327e-196,0.222744474443,0.021568760601,0.4815,0.15925,0.0250782268869,-0.362794304098,0.642707999999,-1.11918529198,0.286595344351,40.5314306717,0.804452700921,0.887074190049,29.8703160071,CEPH
1.4531.168,0.807,1.0,1.0,0.229678638941,-3.90804585362,0.355305703201,1.44061986924,0.987798432886,0.00189393939394,231.286536659,281.659981847,0.0763888888889,0.138194444444,0.235416666667,0.636111111111,0.836111111111,0.275627689031,0.038964045278,0.110203586313,0.0542471854969,0.0,0.209310507911,-1.28522266649,-1.00988643834,0.1658159295,0.0295397433793,0.0388240426902,0.00228507620267,0.0,0.0528377900302,-1.70242911463,-0.0915795967078,0.0950772243974,0.0345275660756,0.0349868593189,0.0432592252703,0.0,0.752364272334,0.569812079449,0.0478560793235,-4.41541685217e-05,52.7898932248,-5.63000850662,-0.0832159909037,0.157,0.74763705104,-0.0333333333333,-0.309404659189,-0.248490077653,0.997264408036,4.38352845841e-42,0.109838433546,1.71236619813,0.338,0.27525,0.0657658485675,1.34890350481,0.107557000003,0.885826924682,0.468506736675,1.93403668977,0.851819187823,0.820036446031,1.52027440392,CEPH
1.4531.99,0.177,1.0,1.0,0.332765957447,-41.5717015956,0.310890880008,0.154394142835,0.55485162919,0.0,349.056002211,267.33474339,0.232081911263,0.372013651877,0.515358361775,0.658703071672,0.815699658703,0.108952608574,0.0120060718684,0.00597354287864,0.00766217014675,0.0,0.715276807311,0.549254798698,0.85400918505,0.0356134266679,0.00796179785033,0.014292466663,0.00361472124242,0.0,0.455787631048,-1.17872169697,0.0163098064548,0.0118373396315,0.00125877118942,0.000919032542506,0.00379575081209,0.0,-2.04655074268,-1.48965350724,0.745770529636,6.15683528356e-06,11.4481409041,-6.41842723404,-0.0153568569844,0.076,0.586382978723,-0.1,-0.0727414330218,-0.0456386292835,2.05393143425,5.08526429521e-149,0.188146217711,0.742179750744,0.1515,0.076,0.0663453802017,0.0739161720478,0.319373999984,0.381892595312,0.0985668690983,2.82268352284,0.759180727866,0.856907047747,1.88473200761,CEPH
1.4532.66,0.3375,1.0,1.0,0.473466003317,-18.1876648557,-0.448866802367,0.430160650456,0.231014705721,0.0,215.720760548,20.1123601832,0.225114854518,0.382848392037,0.552833078101,0.745788667688,0.905053598775,0.270234683642,0.123229762534,0.05983781986,0.0253040087347,0.0,-2.29809504628,-1.31275228921,-0.963812034048,0.0214747869199,0.00315065561864,0.000793785849355,0.00108795792153,0.0,0.608518650765,0.769503548933,-0.727503336818,0.0134927304268,0.00535250113519,0.00269122243754,0.000663381780181,0.0,1.28778775472,2.3194491633,1.59584169437,-7.18942756007e-06,4.0604556783,-7.82361774461,-0.0274454932611,0.1575,0.217247097844,-0.1,-0.0639886700142,-0.0840736449079,3.09884041502,1.96799213026e-204,0.22859437765,0.020071361901,0.36175,0.11125,0.0331566542606,-0.503284545907,0.425831999979,-1.05458576785,0.214723048088,24.1446269367,0.816467513974,0.887704862205,18.7747185391,CEPH
1.4534.23,0.1345,1.0,1.0,0.457789382071,-13.135745371,-0.145496857756,0.633411455358,0.313572237098,0.0,333.067728023,57.1762874989,0.268,0.46,0.652,0.784,0.904,0.114039597509,0.0266394898503,0.00051337889321,0.00590881811986,0.0,1.33495032363,1.17387966111,1.75040295768,0.0105688809485,0.00362529330942,0.00111157629422,0.00113612909565,0.0,1.58564526426,2.6128920002,2.15950536399,0.00839551591072,0.000530203857821,0.0017294114611,0.000512202264958,0.0,-0.62974885448,0.673229419068,-0.156318259844,6.99959332435e-08,3.93442623035,-8.32033159269,-0.0102769486944,0.077,0.199303742385,0.0333333333333,-0.0214148219442,-0.0300769971126,4.2101577587,1.48021253884e-219,0.218308779233,0.134465963813,0.162,0.057,0.0257220730154,-0.17304467624,0.752899000021,-1.32220098936,0.0855076208982,9.86791237019,0.781591087456,0.893119212143,7.14506849735,CEPH
1.4534.33,0.3915,1.0,1.0,0.47094017094,-20.3709422202,-0.550487622668,0.384193508384,0.208233739316,0.0,81.3437599517,22.6466622715,0.201581027668,0.355731225296,0.529644268775,0.736495388669,0.916996047431,0.316140634906,0.141158235398,0.0764443453762,0.0409225755336,0.0,1.62966818936,0.384770035154,1.66455747895,0.019588482515,0.00311401673657,0.000432857905758,0.00142318988466,0.0,-0.339438459303,-0.359930887334,0.701441591016,0.0135712958413,0.00845210413189,0.00135030958666,0.00174564062595,0.0,0.481130179438,1.20239152741,1.63776611866,-1.49099022192e-06,5.38079469937,-7.82638376068,-0.0318076489394,0.18,0.235897435897,-0.0333333333333,-0.0768240066971,-0.0977525919248,2.78879814652,8.08673930894e-195,0.229825676918,0.0239749595608,0.40325,0.12275,0.0262060472077,-0.59751469367,0.430228000012,-0.910715602244,0.248938867125,34.1958223981,0.803627896963,0.856530893387,25.086679801,CEPH
1.4534.48,0.235,1.0,1.0,0.462192013594,-16.3939518261,-0.300676782253,0.486849096142,0.215331517706,0.0,203.240161254,20.7877895206,0.27130044843,0.464125560538,0.627802690583,0.780269058296,0.917040358744,0.199017050556,0.0690701387306,0.0266886962536,0.0106245431259,0.0,0.98376067111,2.26618740325,1.7313696006,0.0131234752523,0.00883198945405,0.001605038626,0.00157377073775,0.0,-0.337866127188,-0.435031046299,-1.73541218802,0.00977962332849,0.00258213470836,0.00119247659722,0.00226064680657,0.0,1.14377557783,0.827202401762,2.02927108845,-1.26358314503e-06,3.84528386799,-7.98138062872,-0.0191726651764,0.128,0.187765505523,0.0333333333333,-0.0450201207243,-0.0560865191147,3.38120123106,5.21981155991e-216,0.235124663841,0.0446661514218,0.28,0.08475,0.0330887698022,-0.344420949745,0.424215999985,-1.26924120821,0.15302433844,22.9995775426,0.828563638337,0.887405218755,18.7279840869,CEPH
1.4539.77,0.4055,1.0,1.0,0.456613310868,-21.4702088354,0.567611016436,0.363717828048,0.19503047977,0.0,428.762992201,33.3032893586,0.212319790301,0.363040629096,0.530799475754,0.680209698558,0.875491480996,0.302465980085,0.13665287688,0.0661956267864,0.0288598387322,0.0,-0.163946220643,0.0387554830421,0.242221325829,0.0195771281033,0.00168799963876,0.00193867492242,0.00201814920178,0.0,0.77220710078,-0.356171111499,-0.522634806731,0.0171451272458,0.0137274634656,0.00959670417988,0.00556855012444,0.0,-1.75274238336,-1.75866449983,-2.13306502597,-6.1580094967e-06,7.44416874355,-7.80909772536,-0.0317316064547,0.175,0.294860994103,-0.0333333333333,-0.0790902041871,-0.0986042905143,2.71020017717,4.4331695134e-190,0.225405243736,0.0562394098364,0.4045,0.118,0.032555723979,-0.569781733639,0.424215999985,-0.879832764268,0.247795215787,26.6687696822,0.789416161729,0.876584447977,17.5254077547,CEPH
1.4652.42,0.2065,1.0,1.0,0.494439692044,-31.3699799346,-0.381764386195,0.254355925872,0.07146363422,0.0,191.832578936,43.3688779824,0.274559193955,0.498740554156,0.659949622166,0.831234256927,0.942065491184,0.192734516442,0.0357194390299,0.00443025120454,0.00513249972201,0.0,-0.38723672985,0.796272673615,-0.208994645151,0.0122893221005,0.00262989715721,0.000943305535528,0.00193985238056,0.0,-0.0665134427972,0.126824292218,-0.570258075318,0.0108620678895,0.000323352101056,0.00180157283477,0.00124325878352,0.0,0.825159768286,2.40718738661,2.01960172582,-5.88072263421e-06,6.69194735395,-7.97914029085,-0.017563557776,0.123,0.202737382378,-0.0333333333333,-0.0382149591452,-0.0499057196732,1.51650124858,6.22797393105e-233,0.247500342618,0.0610773831874,0.263,0.08125,0.0417467264712,-0.268740000853,0.430228000012,-1.35622159683,0.140142091501,19.6170981094,0.833307346176,0.904493988968,16.006480272,CEPH
1.4653.29,0.3355,1.0,1.0,0.4558697515,-15.472178218,0.409010934099,0.516053693862,0.257816234123,0.0,112.519037896,32.6031039545,0.233128834356,0.388036809816,0.561349693252,0.723926380368,0.914110429448,0.272375497543,0.11283801051,0.0467719442501,0.02454798015,0.0,-0.509948966974,-0.869769985401,1.42699042997,0.0192140247872,0.00780214587846,0.00163058061236,0.00399512699405,0.0,0.376301542706,2.38410822791,1.73937932083,0.0177871006389,0.00509516574095,0.00571603916049,0.004253552637,0.0,2.55284810443,0.80786356576,-0.0396546628337,7.44609376064e-06,9.51743623672,-7.98447472151,-0.0267488911971,0.173,0.204798628963,0.0333333333333,-0.057164442206,-0.0820951901284,3.58661451109,1.05711057379e-200,0.222266819775,0.0478963034694,0.3665,0.114,0.032610455,-0.399578656137,0.767648000023,-1.12035008636,0.213575845592,30.5652319016,0.80094746044,0.885323877607,22.7384008121,CEPH
1.4655.46,0.23975,1.0,1.0,0.487410071942,-23.1481943454,-0.37222005091,0.339284081157,0.212233026079,0.0,1142.12152408,283.519314795,0.260393873085,0.459518599562,0.625820568928,0.80306345733,0.936542669584,0.208041958656,0.0656039597701,0.0245970325779,0.0111878616715,0.0,-0.236565321295,-0.829176952555,-1.25159011744,0.00821705576596,0.00358918373661,0.000709997827775,0.00185797124762,0.0,0.755719747697,1.24697556843,1.43311798969,0.00773630242789,0.00308469475861,0.0023842667764,0.00219114883597,0.0,0.470688269499,-0.95980192414,-1.19032557143,-1.06025505407e-05,33.0696798555,-7.85381384892,-0.0200591429706,0.135,0.195143884892,-0.166666666667,-0.0436893203883,-0.0583801737353,3.0377624894,2.96374510702e-206,0.246073244229,0.0815595033854,0.286,0.08425,0.044316830962,-0.304042190865,0.530269999981,-1.27009788076,0.15754077486,10.2267160004,0.811098926351,0.887736514502,7.43445483805,CEPH
1.4657.37,0.13875,1.0,1.0,0.378378378378,-36.6578476175,-0.252594153525,0.220003982513,0.239038644895,0.0,3221.63012665,220.135306056,0.229508196721,0.422131147541,0.581967213115,0.733606557377,0.893442622951,0.109758748789,0.0153072685642,0.0062859274301,0.0066689324061,0.0,-2.37116682654,-0.711005693591,-0.807206302654,0.0165564918052,0.00793401022876,0.00493304880083,0.00460350875724,0.0,-2.62432595717,-1.49455042822,-2.77228857248,0.00826208887859,0.0010031565897,0.000516581677018,0.00305221055387,0.0,-0.532641423963,-2.32204814397,-0.464072926286,5.36720757784e-06,12.9860381406,-8.06487246622,-0.0105753668361,0.069,0.407094594595,0.1,-0.0477608237191,-0.0302691973701,1.97977298449,5.98465568087e-200,0.210675579515,0.389136506777,0.14125,0.049,0.0587307723586,0.201101488466,0.532289999974,-0.138342756107,0.0852889848168,11.059996689,0.788452229959,0.952755201869,8.4646612845,CEPH
1.4659.63,0.45875,1.0,1.0,0.475,-12.9014443365,0.507574409638,0.670799054814,0.194725333333,0.0,331.408166893,12.3491965853,0.269058295964,0.449551569507,0.628923766816,0.786995515695,0.92600896861,0.379096562924,0.156819129652,0.0815465417622,0.0462096309954,0.0,-2.34742080079,-1.52694531156,-0.536366951132,0.0312009587054,0.0102003898908,0.00464360058617,0.00390818146774,0.0,-1.61340711976,-0.689317346678,-0.0914736488055,0.0248915500011,0.0127852020617,0.00451862524954,0.00359193627202,0.0,-0.522433842279,-0.424151568363,-0.885444160794,-1.50051437883e-05,4.73719829135,-8.65427666667,-0.0351882065067,0.252,0.1775,0.166666666667,-0.0738411367342,-0.103890053576,4.3693578759,5.46904097335e-204,0.222896981592,0.0651811525689,0.56125,0.17575,0.0406928832731,-0.384666555393,0.749825999999,-1.25168107069,0.304528474512,65.5697169518,0.837761049747,0.881146987412,54.2406749794,CEPH
1.4661.17,0.529,1.0,2.0,0.419982316534,-3.371960434,-0.242395708018,2.87743311871,0.24196003303,0.0,377.761594412,5.97615480191,0.151243781095,0.307462686567,0.449751243781,0.612935323383,0.868656716418,0.410509971386,0.0963100755428,0.0436278405133,0.0529810859127,0.0,1.88677532906,-0.801811340221,0.271742705175,0.0361041611558,0.00778641480055,0.00644836920602,0.0116683794462,0.0,0.894933917008,0.394796424004,-0.377218566444,0.0348176891924,0.00751437154531,0.000353468046142,0.00211425942245,0.0,1.71664667358,0.984109541121,1.75648442446,-1.15992068306e-05,4.99021526591,-9.70259062776,-0.0314816811268,0.223,0.341290893015,0.233333333333,-0.0976441413515,-0.103843769374,11.8556089245,2.29335123931e-211,0.210236043981,0.0836673774586,0.45,0.1495,0.0408662933463,-0.504208955592,0.657984000019,-0.558777773,0.305453864247,101.714130792,0.77128553819,0.866957459003,71.0998906286,CEPH
2.4662.12,0.312,1.0,1.0,0.440598690365,-16.1147286885,0.384690496878,0.517124606477,0.29752095585,0.0,324.787758121,12.5542975311,0.214285714286,0.37707641196,0.576411960133,0.764119601329,0.916943521595,0.253082024539,0.0977002991203,0.0335854328682,0.0113554003799,0.0,-0.177468143937,-0.866784605983,0.247857898572,0.0288120303575,0.00253726248511,0.00230439022306,0.0015321010672,0.0,0.613338392261,1.6409965864,2.28611189255,0.0238643314338,0.00622005265497,0.00449447055334,0.000796983340801,0.0,0.347691640111,0.63406477416,-0.4380680738,-9.78055722132e-07,3.74725416692,-8.33332273152,-0.0237362378214,0.169,0.303086997194,-0.0333333333333,-0.0705783335337,-0.0723818684622,4.93501721282,1.61795519615e-186,0.224952896962,0.107439777421,0.348,0.1125,0.0200699740433,-0.178353463575,0.722535000001,-1.14389724548,0.197801730198,38.1086731612,0.805674667354,0.878375649079,28.8937351381,CEPH
2.4785.21,0.402,1.0,1.0,0.478577939836,-29.8630224024,0.666855067039,0.276488648058,0.211741880453,0.0,44.8953298966,18.3486219253,0.217731421121,0.380704041721,0.538461538462,0.720990873533,0.893089960887,0.317088908792,0.122108330518,0.0595164687899,0.0145736558196,0.0,-0.894195212206,1.6946294569,0.883625469572,0.0327617772044,0.00463796166435,0.00938617160699,0.00525869074629,0.0,1.98766372979,-0.118107959349,0.23330412144,0.0260143068308,0.00128597793227,0.00389253398082,0.00141340665727,0.0,0.659618911209,0.77237494467,-0.399393798745,1.39816129348e-05,6.25188309833,-8.25678669098,-0.0303946398618,0.185,0.236098450319,0.0333333333333,-0.0728315237282,-0.0935708185922,3.04401210889,2.24076210264e-182,0.22862759909,0.100380392049,0.413,0.14375,0.0304705970888,-0.532327437229,0.417939999999,-0.993361683046,0.250962057888,42.8454774972,0.808635807194,0.882465886674,31.3147234123,CEPH
2.4788.82,0.211,1.0,1.0,0.434782608696,-41.9624395483,-0.434845041478,0.162961801535,0.164400757136,0.0,261.7091353,51.7886860488,0.234042553191,0.417553191489,0.571808510638,0.723404255319,0.867021276596,0.162787032741,0.0463630371782,0.0113202300303,0.00346573311386,0.0,0.469574351404,1.92602560613,2.99907211209,0.0306888573627,0.000884506251337,0.000881261148182,0.00235427113222,0.0,-1.0514341335,-0.733885826528,-1.19324309506,0.0162208703409,0.00695070664154,0.00254150876276,0.00111772824117,0.0,2.29071374077,2.9496263641,2.18169041483,9.64183378114e-06,6.13695090366,-6.83827474561,-0.0184350177088,0.093,0.315448658649,-0.1,-0.0486407053637,-0.0552534900808,0.768294084862,4.31520305907e-190,0.226450481817,0.257568749385,0.215,0.083,0.0357949530223,-0.439554676921,0.243484000006,-0.993131512738,0.126063716033,5.28068953572,0.831483589374,0.860791959636,3.78744856303,CEPH
2.4790.48,0.364,1.0,1.0,0.487648673376,-30.6096086014,-0.648073523771,0.249560843567,0.222803490054,0.0,103.050047369,19.3745059828,0.234870317003,0.404899135447,0.551873198847,0.743515850144,0.913544668588,0.284097415995,0.126987487644,0.0724958046898,0.0361205385636,0.0,1.13406511471,2.3347276477,0.468871574102,0.0277013097539,0.00797129055131,0.00725970991206,0.00575848463942,0.0,-0.817257740321,0.714029383658,-1.50100776254,0.0262030329144,0.0161216996222,0.00819436545914,0.00177092749078,0.0,-0.80531551306,-2.2048731854,-1.70837224072,1.07260612787e-05,5.49864417082,-7.63895974382,-0.0305337221529,0.163,0.24428179323,0.1,-0.0818350079323,-0.0917503966155,2.52425487409,6.19330534338e-177,0.241346714424,0.0879551751723,0.388,0.128,0.0243834931139,-0.533312884845,0.412362000003,-1.04660689856,0.233245874355,10.5392656185,0.800517378962,0.87926273313,7.19823399736,CEPH
2.5026.16,0.3835,1.0,1.0,0.409594095941,-8.40786068551,-0.331447883226,1.04255956418,0.25961291861,0.0,27.8403123712,5.60024087668,0.238985313752,0.360480640854,0.552736982644,0.763684913218,0.930574098798,0.320741285935,0.131261332492,0.044429555542,0.0111558428658,0.0,0.685912273055,0.715269429867,-1.67821919082,0.0145295906597,0.00646896230954,0.00883283381217,0.00636210627849,0.0,-1.00311765959,-0.272058772564,0.559496007248,0.00919069266089,0.000348271367445,0.0036250917249,0.00168585569656,0.0,1.21941352015,-0.821068079427,0.0265116880383,5.08586257813e-07,1.93798449589,-8.76569557196,-0.0280497587947,0.212,0.263837638376,0.166666666667,-0.0603189014356,-0.0850025534812,6.67690672393,3.69240386613e-196,0.229638027191,0.00639139270099,0.4135,0.145,0.0335366422865,0.0763595611571,1.46279,-1.23360670093,0.245875646461,58.1573038951,0.809334805351,0.886049073126,47.2500311478,CEPH
2.5027.10,0.472,1.0,1.0,0.438419117647,-14.553608196,0.546655316912,0.570918342936,0.229131595919,0.0,25.2279516736,8.14436668858,0.202173913043,0.392391304348,0.567391304348,0.732608695652,0.903260869565,0.375142449857,0.164484345676,0.0765841953728,0.0519813860244,0.0,0.502557381376,0.663341366946,-1.62415013155,0.0199824845468,0.00281244504513,0.000963479339185,0.00185303685382,0.0,2.0362658776,0.876218279903,2.21215034748,0.0134590165188,0.00671939700612,0.00200450121389,0.000841648986945,0.0,1.05393162928,1.30248115706,-0.177096079195,-3.63526523298e-06,2.35435830068,-8.308921875,-0.0357918451881,0.259,0.217830882353,0.1,-0.0698684686859,-0.111017255943,4.95599178506,9.60118528035e-184,0.229041805754,0.0104444394776,0.52125,0.162,0.021953426098,-0.223961490574,0.963380000001,-1.17834936756,0.29739164543,53.8641079979,0.803689517205,0.878566826376,41.4471739692,CEPH
2.5144.4495,0.41775,1.0,1.0,0.477851083883,-24.1423560801,0.639282068262,0.345668406873,0.148076213561,0.0,30.2372561894,13.975277459,0.237918215613,0.411400247831,0.579925650558,0.762081784387,0.914498141264,0.338922156734,0.128307808314,0.0565856658049,0.0327571163881,0.0,1.31349813419,2.65189909212,1.04298117689,0.0337917009193,0.0042494557988,0.00896676765681,0.00130778242654,0.0,-0.798040216859,0.664789292154,-1.22664810715,0.0278237500877,0.0124694927418,0.00501634085076,0.00311732586624,0.0,0.88414801059,2.94996476373,3.09429134677,8.39986767655e-06,4.03746769978,-8.34524976437,-0.0323518164726,0.211,0.206409048068,0.0333333333333,-0.071721806327,-0.0974402318281,3.65213354362,3.78656467065e-180,0.229636009059,0.0732312955362,0.468,0.151,0.0297878719211,-0.442471808335,0.835879999999,-1.13504246229,0.269983988795,49.7823651034,0.815396337533,0.877109354961,38.4842716492,CEPH
2.5148.126,0.233,1.0,1.0,0.273161413563,-66.5533762042,0.472265609117,0.099960972524,0.104556408233,0.00191387559809,280.606133304,117.880134016,0.109625668449,0.179144385027,0.288770053476,0.430481283422,0.716577540107,0.0946849844965,0.0158315809753,0.010877454441,0.00565429400668,0.0,-0.538932382733,-1.59034051096,-0.361014350744,0.064077128653,0.0158795530228,0.0101021213277,0.00135025249481,0.0,-0.054307837912,0.231260204978,0.51677660445,0.0456212772619,0.00326347611964,0.00251345608592,0.000502920199182,0.0,-1.54674697025,0.455096392061,0.540530053677,-5.16632823055e-06,8.88650963894,-6.65274021012,-0.0162412651434,0.054,0.655205348615,0.233333333333,-0.0643415514131,-0.0562236921227,0.762856893979,3.59525949263e-84,0.154465432814,1.22702573873,0.108,0.051,0.0315276908957,-0.397255210069,0.417939999999,1.36437065601,0.108048917683,4.60604538299,0.651684692061,0.833522359021,1.96545731276,CEPH
2.5148.29,0.3885,1.0,1.0,0.451790633609,-27.9983098396,-0.639833327741,0.274008701831,0.25650936353,0.0,97.1477209552,21.8420924001,0.228997289973,0.388888888889,0.523035230352,0.69647696477,0.90243902439,0.292839136266,0.125364906789,0.0863276655949,0.0494461375089,0.0,1.87253595207,0.898019967426,-0.00486057549382,0.0238129533493,0.00855959375257,0.0050868622096,0.00455375034121,0.0,-1.24761901624,1.34033702958,-0.0431225404,0.0201934258517,0.00319781840974,0.00260044401899,0.00161166021849,0.0,-0.160263695212,1.04051867066,1.59411472341,2.27841173505e-05,5.13918629722,-7.6717805326,-0.0312292116693,0.184,0.21854912764,0.0333333333333,-0.0733018620509,-0.0967741935484,3.25070428913,6.6645320054e-172,0.220090958822,0.0664620726597,0.389,0.122,0.0403933002773,-0.482582688403,0.389144000015,-0.990069099424,0.239583658133,29.1032339643,0.793821989721,0.870883532975,20.5261736681,CEPH
2.5265.3739,0.3955,1.0,1.0,0.46380952381,-25.8691393494,0.629288100545,0.303692103058,0.29871627451,0.0,81.7102266319,17.7846641344,0.229357798165,0.373525557012,0.547837483617,0.719528178244,0.905635648755,0.311904130346,0.152560467853,0.0697796008613,0.0376722218438,0.0,-0.582324513766,-1.07107602985,1.34681425761,0.0243792056672,0.00628586675349,0.00261435556256,0.00131910361543,0.0,-0.300442707515,-0.564846466774,-1.62782314289,0.0194324383657,0.0026328636409,0.00435035427795,0.00299136673106,0.0,2.4606126417,0.371687793005,1.55068919724,1.27442134228e-05,7.08044591859,-7.85625333333,-0.0318188013132,0.186,0.220952380952,0.0333333333333,-0.0762510438749,-0.0980278794887,3.19777435504,4.38617897032e-172,0.216882198176,0.0464743603045,0.41775,0.1325,0.0424763120786,-0.551283519613,0.40793999999,-0.973633150913,0.249976563879,36.1236118994,0.798089773606,0.861023853493,24.6970777634,CEPH
2.5268.1302,0.508,1.0,1.0,0.47342519685,-34.2288335216,0.921510466677,0.230945040114,0.0978145548929,0.0,113.371039246,22.8948748027,0.181352459016,0.323770491803,0.521516393443,0.698770491803,0.893442622951,0.389110334643,0.18088661326,0.0967808670285,0.08363790303,0.0,-0.519166484747,-1.03668730315,-1.56947475486,0.0338125199944,0.00537449035439,0.00103861851778,0.0018647939948,0.0,-2.09500059706,-2.23333152267,-2.07343808093,0.027493657737,0.0094710825805,0.00211936926054,0.0043452879811,0.0,-1.870758074,-0.974319962075,-1.40196154848,1.54979173202e-06,5.82046116113,-7.90497933071,-0.0400963951484,0.2065,0.260826771654,0.0333333333333,-0.101376881204,-0.125008005123,2.65447755122,4.80182049514e-160,0.212452732135,0.0199310782544,0.509,0.13925,0.0240734789356,-0.712952481543,0.412362000003,-0.733802274809,0.316961174884,28.5294772177,0.816451780798,0.864006401864,19.0187495813,CEPH
2.5268.1328,0.3935,1.0,1.0,0.464962121212,-26.0441091315,-0.664243141272,0.2588373962,0.42823320815,0.0,48.5877288781,20.0012155938,0.197875166003,0.365205843293,0.521912350598,0.697211155378,0.869853917663,0.304668442679,0.114594742692,0.0729193037692,0.0416401369053,0.0,1.27304522052,2.6902532822,0.920080758088,0.019599974164,0.00670061214349,0.0050351265294,0.00180567738839,0.0,0.980319076388,-0.341326387393,0.305597356472,0.0176782218728,0.00310546041582,0.000310016848816,0.00133735550355,0.0,-0.0274932647472,-1.42931421035,-0.417571394609,-3.22005245204e-06,5.65245477969,-6.74118939394,-0.0359254665068,0.171,0.268939393939,0.0333333333333,-0.0909499550494,-0.112825891519,2.84705911057,1.31247973577e-173,0.217944147989,0.0387366214679,0.393,0.127,0.028890775742,-0.595278993653,0.680024000001,-0.864327507053,0.242180373788,18.2994705344,0.796351354475,0.88421860603,12.9434972119,CEPH
2.5270.1994,0.383,1.0,1.0,0.472602739726,-30.3555313578,-0.674596948652,0.260144414036,0.184830639511,0.0,297.242149101,34.5604678021,0.232876712329,0.401369863014,0.579452054795,0.743835616438,0.923287671233,0.299191751522,0.145569628099,0.0656563402036,0.0438750937952,0.0,-2.53956002268,-2.08751182224,-2.12702537849,0.0366279208406,0.00550972384303,0.0023267918348,0.00202732340229,0.0,-0.773727784749,-2.9151839634,0.0322294073741,0.0262742575437,0.00455787019795,0.00269562154128,0.00192717088769,0.0,0.611268455867,-2.28260922671,-1.50134847543,-7.2389905867e-06,4.60561616876,-7.89682191781,-0.03112202117,0.1875,0.308219178082,-0.0333333333333,-0.0830463069269,-0.0931241229749,3.22320520286,2.0583662863e-119,0.223693767074,0.0619939548453,0.4235,0.12025,0.0377793235625,-0.452020752008,0.548924000002,-0.995990252196,0.245765058902,34.6692981427,0.816855510464,0.882493909322,27.4633843006,CEPH
2.5386.4437,0.123,1.0,1.0,0.447124304267,-43.2118861471,-0.265065814634,0.178302784625,0.267517951398,0.0,331.09980632,81.0127055259,0.277056277056,0.47619047619,0.636363636364,0.779220779221,0.917748917749,0.107294648521,0.0093313145237,0.00262991012225,0.00215473672518,0.0,1.65659201781,0.348191948765,1.5002243547,0.0115102795073,0.00508452371552,0.00598982056158,0.00374293379571,0.0,1.20142864419,2.13012781638,2.52213287727,0.00673273229145,0.00255345931632,0.000929245298604,0.00205157131964,0.0,0.937752325971,1.33748937475,-1.54666071315,-3.64045708583e-06,6.15927983759,-7.70479962894,-0.0103578831899,0.073,0.246753246753,0.166666666667,-0.0312459483988,-0.0299494360171,1.97520108167,1.04459831732e-204,0.223403978775,0.191970626111,0.14675,0.045,0.0442156747385,0.131221871265,0.610661999999,-1.20269768372,0.0798054145582,10.4188906621,0.80935263929,0.918227236988,8.1676488941,CEPH
2.5390.43,0.5395,1.0,1.0,0.47323943662,-33.7400694175,0.987023971482,0.2341463912,0.193760555505,0.0,62.0476381166,18.141207298,0.191387559809,0.344497607656,0.522488038278,0.6995215311,0.888995215311,0.417887538544,0.216085851747,0.111640634461,0.0634926437882,0.0,-0.977716180632,1.36955288444,0.304498379833,0.0389743835791,0.0070473601741,0.00105717050973,0.00433415612775,0.0,0.33994829432,-0.329483873832,1.21690810544,0.0329101047451,0.0137294941511,0.00519541982832,0.00678161570363,0.0,0.649864389032,0.742385980443,-1.52438082503,1.03188773754e-05,5.21169832411,-7.90011549296,-0.0430954687211,0.228,0.280751173709,0.1,-0.113546072024,-0.133922850186,2.74468396785,1.04547694106e-163,0.227776778812,0.048625814088,0.547,0.16,0.0258966065086,-0.665867668954,0.417939999999,-0.805328994751,0.34045918012,39.3065675962,0.789999381498,0.846127103058,24.7645206245,CEPH
2.5509.20,0.1985,1.0,1.0,0.455463728191,-22.6397626432,-0.284935662843,0.390151711746,0.195886291607,0.0,78.1784785584,14.9409925488,0.213903743316,0.422459893048,0.604278074866,0.783422459893,0.919786096257,0.173064819028,0.0367491095814,0.0130816429279,0.00520323118501,0.0,1.35871474252,-0.753784327818,0.637366276915,0.00908926174346,0.00381033025105,0.0021172530644,0.00274898391325,0.0,-0.694835854021,-0.330160067524,0.242606101219,0.00794961841568,0.00169329980823,0.000613680539677,0.00142281402942,0.0,-1.52088878242,-0.165557762795,0.00637883267343,-3.92618167316e-06,2.01477501731,-8.83294214876,-0.0144642510932,0.107,0.341597796143,-0.0333333333333,-0.0533242568641,-0.0424324937599,3.75547203589,4.47208790478e-209,0.222986831776,0.102797008857,0.227,0.075,0.0421651678629,-0.341507336495,0.873240000015,-1.04596575329,0.127761893131,33.9329274223,0.816383683136,0.881027751011,27.7137859791,CEPH
2.5510.52,0.197,1.0,1.0,0.462559241706,-6.96211325158,-0.176381493385,1.00756300839,0.186918185742,0.0,386.867137896,75.741229592,0.265582655827,0.447154471545,0.607046070461,0.742547425474,0.888888888889,0.163463172874,0.0311023146204,0.010594304945,0.00784219912105,0.0,-0.595704803292,-0.734084959787,-0.10905315851,0.018874755846,0.0114482035912,0.00255863763556,0.00249658349446,0.0,-0.79352314358,-1.18676852077,-1.3329244444,0.0113468426298,0.00250282032827,0.0014716444226,0.000519638182783,0.0,1.59161507288,1.64237543109,0.0587323821211,2.08390574659e-06,10.5216028682,-7.01476777251,-0.0177313862407,0.101,0.243601895735,-0.1,-0.0474828375286,-0.0527745995423,1.1087246826,3.70102026664e-196,0.222571536207,0.146906758134,0.2235,0.074,0.0313881597503,-0.318407003,0.259792000004,-1.20050765712,0.124381556763,8.40119731115,0.822394457334,0.888791535861,6.20276204056,CEPH
2.5628.4390,0.43925,1.0,1.0,0.434860736748,-21.1793772276,0.604142896378,0.384759465326,0.299724243716,0.0,307.336727924,24.2635142934,0.204275534442,0.369358669834,0.522565320665,0.700712589074,0.907363420428,0.339880313055,0.142512260181,0.0907126282499,0.048238367151,0.0,-0.373727007139,-0.381461080004,-1.01601638473,0.027870308543,0.0031020763944,0.00097978515583,0.00258836037382,0.0,-2.03875587577,-0.74780422579,-0.917203928747,0.02619655484,0.00613870891377,0.00641203462691,0.000787005333945,0.0,-2.14515502695,-2.41174057303,-0.628406377157,-2.72883095481e-06,13.2428940553,-8.14896585804,-0.0330641239884,0.211,0.235399820305,0.0333333333333,-0.0735620834362,-0.103924956801,4.15395341985,6.27709081233e-180,0.227438977269,0.0654152397145,0.44,0.153,0.0310723496082,-0.366651378624,0.611909999985,-1.03844833179,0.269438417507,12.8756569829,0.817879225713,0.869524295549,9.1570741534,CEPH
2.5631.44,0.21375,1.0,1.0,0.438909774436,-34.2367534954,-0.406361532549,0.216498226958,0.213566805307,0.0,149.732083418,41.8281361773,0.253164556962,0.443037974684,0.627848101266,0.769620253165,0.898734177215,0.182745852595,0.0321412038235,0.0173067704669,0.00282818823365,0.0,1.74996231235,0.622561628301,1.45858014911,0.0209636666572,0.00835127285563,0.00924639819681,0.00564520345212,0.0,-1.21475913378,1.01479983584,0.850493444801,0.0131660936824,0.00154163071028,0.00177431817256,0.00272964563335,0.0,1.91640503597,0.604250237503,2.938896431,-1.17182692751e-06,7.42894056759,-7.41219642857,-0.018246846821,0.116,0.259398496241,-0.0333333333333,-0.0432136335971,-0.053425306012,1.47696574181,1.12760052645e-199,0.221153462848,0.1726378566,0.24725,0.084,0.0357607790177,-0.137529488096,0.436620000008,-1.16055374528,0.13524921284,10.5214824142,0.80698665364,0.881737984375,7.34957341818,CEPH
2.5750.1942,0.2,1.0,1.0,0.388541666667,-37.2499617357,-0.371522648855,0.214238195463,0.214912782158,0.0,126.362024106,33.8489733476,0.238356164384,0.419178082192,0.613698630137,0.758904109589,0.87397260274,0.165582903011,0.0266722467789,0.00465328789082,0.00419335357396,0.0,-2.44940988467,-2.02087148206,-0.661463701391,0.0112851919441,0.00214421129046,0.00599669847733,0.00167348131656,0.0,-1.40689702425,-0.359559327268,-1.19466869327,0.0111068990083,0.00757342495221,0.00148582650005,0.00199697139041,0.0,0.906335934831,-0.0760471663801,0.114221502892,-2.95780719592e-06,3.24973507661,-7.98036458333,-0.0154699433843,0.112,0.273958333333,-0.166666666667,-0.0401002506266,-0.0457393483709,2.11464209067,2.37055895549e-179,0.222188336228,0.198489891022,0.2235,0.068,0.0348632418944,0.0303822333292,0.384930000015,-1.11000058719,0.12345578829,10.6700455211,0.795681053586,0.843519514459,6.25984236988,CEPH
2.5750.1943,0.3105,1.0,1.0,0.474264705882,-27.6233689771,0.534861102572,0.282282669867,0.290565325178,0.0,29.3769009953,16.0153766495,0.241721854305,0.422185430464,0.604304635762,0.753311258278,0.905629139073,0.260344222536,0.110630647879,0.0424498582164,0.0180217985362,0.0,-0.984016971005,1.10052333237,0.0288943552128,0.0177621676548,0.00795310769885,0.00403344473965,0.00211787175317,0.0,0.772499037484,0.923971773012,2.5127420184,0.0159782938147,0.00293532624237,0.00152537210723,0.00270500277272,0.0,1.5316457323,-0.659294583651,0.145510658883,5.51324295915e-09,5.00645994772,-7.79759834559,-0.02609313096,0.156,0.185661764706,0.1,-0.0585271317829,-0.0780361757106,2.9893859989,3.019726934e-194,0.226924256419,0.0192631263107,0.3645,0.1135,0.0408058079632,-0.450823977752,0.722535000001,-1.17918096683,0.203463754805,31.0251996647,0.826426559922,0.914269854224,24.4823312164,CEPH
2.5751.44,0.628,1.0,1.0,0.390521327014,-25.6960764961,0.894738501514,0.288950266504,0.48390433846,0.0,67.1719341311,32.2199220015,0.172383465259,0.298153034301,0.446789797713,0.618293755497,0.816182937555,0.395703980223,0.184943687363,0.105149223946,0.0516311605265,0.0,-0.852335105583,1.5169327029,0.532040829821,0.113233127456,0.0441447177308,0.0364527638298,0.00944929601827,0.0,1.9197443078,1.07945411943,1.73241663896,0.037834016398,0.0250196191057,0.0157890472728,0.00542467240429,0.0,1.97731918246,1.02138529755,0.372762582911,-6.89495709532e-08,13.1402331358,-7.42488815166,-0.0464450246147,0.228,0.312796208531,0.233333333333,-0.111548913043,-0.154483695652,3.0298880735,4.08392051393e-145,0.20903939302,0.305792953087,0.507,0.22,0.0333617356399,-0.38266226695,0.38740800001,-0.739223428912,0.344849112965,27.4311958852,0.741063087853,0.848442481867,17.164091951,CEPH
2.5869.4230,0.42625,1.0,1.0,0.45164410058,-22.7407911865,0.648125495398,0.34875885185,0.35580447666,0.0,19.3110984194,12.6836876209,0.234223300971,0.41140776699,0.581310679612,0.746359223301,0.907766990291,0.344526849962,0.14569777767,0.0589740303303,0.0240368559251,0.0,-0.95628782575,-1.17018579509,0.714649458829,0.0337303559006,0.00881255819874,0.0038103354541,0.00313701622043,0.0,-0.973073699263,-0.967540424396,-2.0050433328,0.0242966581014,0.00777019707419,0.00244882496224,0.000559644543706,0.0,-2.45324089849,-1.67823061161,-1.23976363929,-3.53046807621e-06,5.32945736371,-7.93105222437,-0.0344410173812,0.226,0.208897485493,0.0333333333333,-0.0775681341719,-0.104694746204,4.04485553518,4.21701115131e-176,0.228880792064,0.0554758033288,0.4805,0.1495,0.0249320965112,-0.358950806563,0.600960999996,-1.17270649882,0.27315350751,44.15962857,0.811858521356,0.900785104387,32.9088088903,CEPH
